customer_id,company_size,subscription_plan,months_active,monthly_revenue,days_since_last_login,monthly_logins,features_used,support_tickets,satisfaction_score,payment_failures,churned
CUST_00001,Small,Enterprise,10,299,4,6,2,2,3.4,0,False
CUST_00002,Medium,Basic,2,29,4,5,1,1,2.6,0,True
CUST_00003,Small,Pro,1,99,0,5,6,1,3.5,1,False
CUST_00004,Small,Basic,6,29,1,7,3,0,4.9,0,True
CUST_00005,Small,Basic,2,29,8,3,1,1,4.6,0,True
CUST_00006,Small,Basic,1,29,9,13,2,0,3.8,0,True
CUST_00007,Large,Basic,1,29,6,9,9,1,4.1,0,False
CUST_00008,Large,Basic,4,29,7,6,2,4,3.6,0,False
CUST_00009,Medium,Pro,18,99,1,6,2,1,1.3,0,True
CUST_00010,Small,Enterprise,3,299,3,9,4,0,3.9,0,False
CUST_00011,Small,Basic,7,29,3,7,4,1,5.0,0,False
CUST_00012,Small,Pro,8,99,3,12,2,0,4.9,0,False
CUST_00013,Small,Basic,2,29,5,10,1,0,3.2,1,True
CUST_00014,Medium,Pro,6,99,3,6,4,0,4.8,0,False
CUST_00015,Large,Pro,8,99,0,9,1,2,4.7,0,True
CUST_00016,Medium,Pro,15,99,5,4,2,0,3.2,1,False
CUST_00017,Medium,Pro,5,99,4,2,3,0,2.9,3,True
CUST_00018,Large,Basic,27,29,16,10,1,0,2.5,0,True
CUST_00019,Large,Pro,6,99,0,8,1,2,4.9,0,False
CUST_00020,Large,Basic,5,29,8,5,6,0,4.7,0,True
CUST_00021,Medium,Basic,5,29,3,11,1,1,4.1,0,True
CUST_00022,Medium,Basic,1,29,3,3,8,1,4.8,0,True
CUST_00023,Small,Basic,1,29,16,10,6,0,4.3,0,True
CUST_00024,Small,Enterprise,10,299,4,2,1,1,3.5,0,True
CUST_00025,Small,Pro,9,99,3,7,1,1,5.0,0,True
CUST_00026,Medium,Basic,15,29,5,16,3,2,3.4,0,False
CUST_00027,Small,Basic,22,29,2,9,1,1,3.4,0,False
CUST_00028,Medium,Pro,10,99,8,12,4,2,3.3,0,False
CUST_00029,Large,Pro,4,99,6,6,4,1,3.8,0,False
CUST_00030,Small,Basic,23,29,15,12,1,0,5.0,0,False
CUST_00031,Medium,Pro,1,99,3,8,1,0,4.6,0,True
CUST_00032,Medium,Basic,13,29,6,16,1,3,2.6,0,False
CUST_00033,Medium,Basic,18,29,0,6,3,0,4.3,0,False
CUST_00034,Large,Basic,2,29,10,4,3,0,5.0,0,False
CUST_00035,Medium,Pro,9,99,3,15,10,0,5.0,0,False
CUST_00036,Small,Basic,7,29,0,4,1,1,4.4,1,False
CUST_00037,Medium,Pro,4,99,13,7,2,0,2.3,1,False
CUST_00038,Small,Basic,2,29,0,16,3,2,4.0,0,True
CUST_00039,Large,Pro,2,99,5,2,7,2,4.2,0,False
CUST_00040,Small,Basic,1,29,7,15,1,0,4.7,0,True
CUST_00041,Small,Basic,18,29,2,17,3,2,4.0,0,False
CUST_00042,Large,Basic,3,29,5,12,4,0,3.1,1,False
CUST_00043,Small,Basic,1,29,0,4,2,1,4.1,0,True
CUST_00044,Medium,Pro,1,99,10,7,2,0,3.5,0,True
CUST_00045,Small,Basic,11,29,0,3,5,1,4.3,0,False
CUST_00046,Small,Basic,3,29,0,3,1,2,4.0,0,True
CUST_00047,Medium,Pro,4,99,0,17,8,0,2.7,1,True
CUST_00048,Small,Basic,2,29,0,5,1,0,1.5,1,True
CUST_00049,Large,Pro,13,99,1,11,4,1,4.2,0,False
CUST_00050,Small,Basic,5,29,1,9,1,0,5.0,0,True
CUST_00051,Small,Basic,36,29,1,2,5,1,2.9,0,True
CUST_00052,Large,Pro,26,99,0,8,3,2,4.3,0,False
CUST_00053,Small,Pro,8,99,3,6,2,1,4.9,0,True
CUST_00054,Medium,Basic,2,29,11,12,1,0,4.2,0,True
CUST_00055,Medium,Pro,6,99,11,11,2,1,3.2,0,False
CUST_00056,Large,Basic,13,29,0,16,2,2,4.4,0,False
CUST_00057,Small,Enterprise,7,299,2,21,3,0,5.0,1,False
CUST_00058,Medium,Enterprise,9,299,0,21,8,3,4.1,0,False
CUST_00059,Small,Basic,12,29,0,14,6,0,1.7,0,False
CUST_00060,Small,Basic,4,29,0,7,1,0,5.0,0,False
CUST_00061,Small,Enterprise,1,299,2,14,3,0,4.2,0,False
CUST_00062,Large,Basic,1,29,0,28,1,1,1.9,0,True
CUST_00063,Small,Pro,23,99,2,3,1,0,5.0,0,False
CUST_00064,Small,Basic,2,29,5,5,4,0,4.8,1,True
CUST_00065,Medium,Basic,2,29,11,4,1,1,5.0,0,True
CUST_00066,Medium,Basic,7,29,2,1,9,1,4.0,1,True
CUST_00067,Small,Basic,6,29,5,14,3,1,3.8,0,True
CUST_00068,Large,Basic,6,29,1,22,5,0,4.3,0,False
CUST_00069,Small,Enterprise,4,299,2,13,2,0,4.2,0,True
CUST_00070,Small,Pro,2,99,4,23,2,0,3.4,0,True
CUST_00071,Small,Pro,1,99,0,8,10,0,4.0,1,False
CUST_00072,Small,Basic,3,29,0,7,5,3,4.8,0,False
CUST_00073,Small,Enterprise,23,299,0,10,5,1,4.1,3,False
CUST_00074,Medium,Basic,14,29,0,2,4,1,3.7,0,False
CUST_00075,Medium,Basic,7,29,10,8,3,2,5.0,0,False
CUST_00076,Small,Pro,16,99,20,6,8,0,3.7,0,True
CUST_00077,Small,Basic,1,29,21,4,9,2,3.0,0,False
CUST_00078,Large,Basic,7,29,0,8,4,0,3.5,0,False
CUST_00079,Small,Basic,27,29,10,5,8,0,3.4,0,False
CUST_00080,Small,Basic,7,29,4,5,2,3,3.8,0,True
CUST_00081,Medium,Basic,1,29,1,4,1,0,4.7,0,False
CUST_00082,Medium,Pro,15,99,10,20,4,2,4.9,1,True
CUST_00083,Medium,Basic,3,29,6,9,2,0,4.8,1,True
CUST_00084,Medium,Basic,12,29,0,2,4,2,4.0,1,True
CUST_00085,Small,Pro,1,99,4,15,1,3,5.0,0,True
CUST_00086,Small,Enterprise,4,299,3,7,5,0,5.0,0,False
CUST_00087,Small,Enterprise,1,299,2,7,5,0,4.0,1,True
CUST_00088,Small,Pro,3,99,9,9,4,3,4.5,0,False
CUST_00089,Medium,Pro,5,99,0,9,1,1,2.4,0,True
CUST_00090,Small,Basic,1,29,2,11,1,2,4.8,0,True
CUST_00091,Small,Enterprise,1,299,3,17,6,0,3.1,0,True
CUST_00092,Small,Basic,1,29,4,8,2,0,4.6,0,False
CUST_00093,Small,Enterprise,1,299,3,11,4,0,4.1,0,False
CUST_00094,Medium,Basic,10,29,0,13,1,0,3.5,1,True
CUST_00095,Medium,Pro,5,99,4,4,5,1,3.5,0,True
CUST_00096,Small,Pro,10,99,6,9,1,2,3.9,1,True
CUST_00097,Small,Basic,19,29,1,20,8,2,4.8,0,False
CUST_00098,Small,Pro,5,99,1,7,6,1,4.4,0,False
CUST_00099,Small,Pro,1,99,17,7,3,1,2.7,0,True
CUST_00100,Medium,Basic,1,29,0,12,7,3,3.7,0,False
CUST_00101,Large,Basic,1,29,3,5,3,0,2.0,2,False
CUST_00102,Medium,Pro,4,99,3,23,2,0,3.1,0,False
CUST_00103,Small,Pro,4,99,10,11,6,1,4.5,0,False
CUST_00104,Medium,Basic,21,29,5,3,5,1,5.0,0,False
CUST_00105,Medium,Pro,4,99,1,6,5,1,4.7,0,False
CUST_00106,Small,Basic,3,29,2,4,9,1,4.2,0,False
CUST_00107,Small,Basic,15,29,3,5,1,1,2.4,0,False
CUST_00108,Medium,Enterprise,1,299,1,6,4,1,4.0,0,False
CUST_00109,Small,Pro,6,99,1,4,1,0,4.9,0,True
CUST_00110,Small,Basic,9,29,0,2,4,2,4.5,0,False
CUST_00111,Large,Basic,1,29,4,8,1,0,3.3,1,True
CUST_00112,Small,Pro,4,99,4,10,1,0,4.0,0,False
CUST_00113,Small,Basic,7,29,3,7,4,1,3.2,0,False
CUST_00114,Small,Basic,10,29,4,6,2,0,2.9,0,True
CUST_00115,Medium,Basic,12,29,1,4,4,0,4.8,0,False
CUST_00116,Large,Pro,6,99,6,5,3,0,3.0,0,True
CUST_00117,Small,Pro,3,99,5,11,2,2,3.3,0,True
CUST_00118,Medium,Pro,9,99,0,9,1,2,2.7,0,True
CUST_00119,Medium,Basic,20,29,3,8,3,3,3.8,0,False
CUST_00120,Small,Enterprise,8,299,8,4,10,0,3.7,0,True
CUST_00121,Small,Basic,1,29,0,10,3,1,4.3,0,False
CUST_00122,Medium,Basic,1,29,7,4,3,0,3.7,0,True
CUST_00123,Small,Basic,9,29,0,8,3,0,4.5,0,False
CUST_00124,Large,Basic,1,29,2,25,4,0,4.8,0,False
CUST_00125,Small,Basic,11,29,0,2,3,3,4.1,0,False
CUST_00126,Small,Basic,1,29,1,4,1,1,3.6,2,True
CUST_00127,Medium,Basic,2,29,9,23,2,2,2.8,0,True
CUST_00128,Medium,Basic,1,29,6,8,1,2,3.0,0,True
CUST_00129,Medium,Pro,2,99,0,13,1,0,4.3,0,False
CUST_00130,Medium,Basic,27,29,8,4,3,3,4.3,0,False
CUST_00131,Small,Basic,4,29,2,11,3,0,4.3,0,False
CUST_00132,Large,Pro,20,99,1,12,7,2,3.9,0,False
CUST_00133,Large,Basic,1,29,0,12,5,2,4.2,0,False
CUST_00134,Medium,Pro,8,99,7,28,2,2,4.0,0,False
CUST_00135,Small,Basic,10,29,4,5,1,0,3.2,1,True
CUST_00136,Small,Basic,16,29,28,11,10,1,3.6,0,False
CUST_00137,Small,Pro,3,99,7,8,1,0,5.0,0,False
CUST_00138,Medium,Pro,2,99,8,22,7,2,3.4,0,True
CUST_00139,Small,Basic,1,29,4,8,5,1,5.0,0,False
CUST_00140,Medium,Basic,3,29,2,6,3,1,2.2,0,False
CUST_00141,Medium,Basic,12,29,3,3,3,1,4.9,0,False
CUST_00142,Small,Pro,8,99,15,12,3,0,3.8,1,True
CUST_00143,Medium,Basic,11,29,0,5,3,0,1.6,0,False
CUST_00144,Small,Pro,26,99,4,13,3,2,3.4,0,False
CUST_00145,Medium,Basic,28,29,4,4,2,0,4.2,0,True
CUST_00146,Large,Pro,1,99,6,15,3,0,3.2,1,False
CUST_00147,Small,Basic,8,29,3,8,1,0,3.4,0,True
CUST_00148,Small,Pro,5,99,1,11,2,1,2.4,0,True
CUST_00149,Large,Basic,5,29,0,14,4,1,2.2,0,False
CUST_00150,Medium,Pro,4,99,12,9,4,0,3.2,1,True
CUST_00151,Large,Basic,1,29,1,9,5,1,4.2,0,False
CUST_00152,Small,Enterprise,8,299,5,9,2,0,5.0,0,False
CUST_00153,Medium,Pro,1,99,6,9,2,1,5.0,0,True
CUST_00154,Small,Pro,3,99,0,7,2,1,3.6,0,False
CUST_00155,Small,Pro,5,99,19,4,4,1,4.3,0,False
CUST_00156,Small,Pro,9,99,3,6,6,3,2.7,0,False
CUST_00157,Medium,Basic,1,29,2,14,3,1,3.5,0,False
CUST_00158,Small,Pro,2,99,12,7,6,1,3.5,0,False
CUST_00159,Small,Basic,1,29,3,12,1,1,5.0,1,True
CUST_00160,Small,Pro,1,99,4,8,7,1,5.0,1,True
CUST_00161,Small,Basic,4,29,7,10,2,2,5.0,0,False
CUST_00162,Small,Basic,5,29,5,8,4,1,3.3,0,True
CUST_00163,Small,Basic,28,29,2,3,4,0,2.8,0,True
CUST_00164,Small,Basic,1,29,0,14,2,0,3.8,0,False
CUST_00165,Small,Basic,5,29,10,11,2,1,3.3,1,True
CUST_00166,Small,Pro,24,99,8,8,1,1,3.1,0,False
CUST_00167,Small,Basic,3,29,14,6,1,0,5.0,0,False
CUST_00168,Medium,Pro,10,99,0,3,3,0,5.0,0,True
CUST_00169,Medium,Basic,10,29,5,5,1,0,5.0,0,False
CUST_00170,Small,Pro,13,99,9,7,5,1,5.0,0,True
CUST_00171,Small,Basic,17,29,2,14,3,0,3.8,0,False
CUST_00172,Small,Pro,7,99,2,21,2,0,4.5,0,True
CUST_00173,Small,Basic,1,29,0,8,1,0,3.6,1,False
CUST_00174,Medium,Pro,33,99,1,7,4,1,5.0,0,False
CUST_00175,Small,Basic,2,29,1,24,1,1,3.1,0,True
CUST_00176,Small,Pro,5,99,2,14,10,1,5.0,0,False
CUST_00177,Large,Pro,6,99,10,2,2,0,4.3,2,True
CUST_00178,Large,Basic,15,29,4,2,1,1,5.0,2,False
CUST_00179,Medium,Basic,24,29,1,6,2,1,5.0,1,True
CUST_00180,Medium,Enterprise,1,299,3,14,6,0,5.0,0,False
CUST_00181,Large,Basic,49,29,5,5,5,0,4.5,0,False
CUST_00182,Medium,Pro,14,99,4,7,1,1,3.2,0,False
CUST_00183,Small,Enterprise,5,299,1,6,8,0,4.0,0,False
CUST_00184,Small,Basic,2,29,8,7,5,1,4.1,0,True
CUST_00185,Medium,Basic,17,29,3,8,10,1,5.0,0,False
CUST_00186,Medium,Basic,5,29,0,4,6,0,3.5,0,True
CUST_00187,Small,Basic,1,29,1,8,1,0,5.0,0,False
CUST_00188,Small,Pro,17,99,2,6,5,1,5.0,0,True
CUST_00189,Small,Pro,8,99,16,3,3,0,4.2,0,True
CUST_00190,Small,Basic,25,29,3,2,1,1,3.5,1,True
CUST_00191,Medium,Basic,16,29,1,17,1,2,4.8,0,False
CUST_00192,Medium,Basic,17,29,1,5,2,0,2.5,0,True
CUST_00193,Small,Basic,4,29,3,3,3,1,3.7,0,False
CUST_00194,Medium,Basic,29,29,0,6,3,0,4.1,0,False
CUST_00195,Small,Basic,8,29,18,18,5,1,4.7,0,True
CUST_00196,Small,Basic,11,29,3,8,3,0,3.3,0,False
CUST_00197,Medium,Basic,1,29,8,5,9,0,3.0,1,True
CUST_00198,Large,Pro,1,99,0,3,2,0,5.0,0,True
CUST_00199,Medium,Basic,6,29,2,8,2,0,2.8,2,False
CUST_00200,Small,Enterprise,1,299,15,8,4,1,4.2,0,False
CUST_00201,Large,Enterprise,25,299,3,8,1,1,4.5,0,False
CUST_00202,Small,Basic,11,29,3,11,2,0,4.9,0,True
CUST_00203,Small,Basic,5,29,5,5,1,1,2.4,0,True
CUST_00204,Small,Pro,20,99,15,1,6,1,2.8,0,False
CUST_00205,Small,Basic,1,29,0,12,3,2,3.8,0,False
CUST_00206,Medium,Basic,3,29,11,17,2,0,2.7,0,False
CUST_00207,Small,Basic,1,29,14,9,7,0,3.6,0,False
CUST_00208,Medium,Basic,16,29,3,5,1,1,4.7,0,False
CUST_00209,Small,Basic,2,29,1,0,5,1,2.9,0,True
CUST_00210,Medium,Pro,1,99,2,17,1,2,4.4,1,True
CUST_00211,Medium,Basic,10,29,7,17,10,4,5.0,1,False
CUST_00212,Large,Basic,13,29,1,3,1,2,4.0,0,True
CUST_00213,Medium,Pro,3,99,0,11,3,2,4.5,1,False
CUST_00214,Medium,Pro,1,99,8,1,7,0,2.9,1,True
CUST_00215,Small,Pro,6,99,8,3,3,0,3.4,0,False
CUST_00216,Small,Pro,4,99,0,5,6,0,3.8,1,False
CUST_00217,Medium,Basic,4,29,6,5,1,1,3.0,0,True
CUST_00218,Large,Basic,4,29,6,5,9,0,3.9,0,False
CUST_00219,Medium,Enterprise,7,299,0,2,3,2,4.2,0,True
CUST_00220,Large,Basic,9,29,6,2,6,2,4.6,0,False
CUST_00221,Medium,Pro,4,99,0,9,2,1,2.4,0,True
CUST_00222,Large,Basic,1,29,2,9,2,0,5.0,0,True
CUST_00223,Medium,Pro,2,99,6,5,4,0,3.8,0,True
CUST_00224,Small,Basic,1,29,3,11,8,5,4.5,0,False
CUST_00225,Medium,Basic,3,29,12,3,1,3,4.3,0,True
CUST_00226,Medium,Basic,4,29,5,5,6,0,3.3,0,False
CUST_00227,Small,Pro,4,99,5,8,2,0,3.7,0,False
CUST_00228,Medium,Pro,1,99,1,3,1,0,5.0,0,True
CUST_00229,Large,Enterprise,3,299,2,5,2,1,3.1,1,False
CUST_00230,Large,Pro,4,99,4,10,1,0,4.1,0,True
CUST_00231,Small,Basic,17,29,1,19,2,1,3.7,0,False
CUST_00232,Small,Basic,25,29,4,1,8,2,1.4,1,True
CUST_00233,Small,Pro,1,99,2,8,1,1,4.7,0,True
CUST_00234,Small,Pro,1,99,3,22,6,0,4.3,1,False
CUST_00235,Small,Basic,12,29,3,20,1,2,3.9,0,False
CUST_00236,Small,Basic,27,29,0,5,3,2,2.9,0,True
CUST_00237,Small,Basic,4,29,6,5,5,0,2.9,0,False
CUST_00238,Medium,Basic,11,29,4,11,5,0,5.0,0,False
CUST_00239,Small,Pro,11,99,11,18,9,1,5.0,0,False
CUST_00240,Medium,Basic,1,29,1,4,1,1,4.2,0,False
CUST_00241,Medium,Pro,2,99,5,5,3,0,4.6,0,False
CUST_00242,Small,Basic,2,29,5,11,5,0,3.1,0,True
CUST_00243,Small,Basic,16,29,1,17,3,2,3.7,2,False
CUST_00244,Small,Basic,1,29,0,12,5,0,3.9,0,True
CUST_00245,Small,Pro,6,99,1,5,5,0,5.0,1,False
CUST_00246,Medium,Pro,7,99,4,20,2,3,2.5,2,False
CUST_00247,Medium,Basic,1,29,3,8,1,0,5.0,0,False
CUST_00248,Medium,Pro,2,99,0,15,9,1,3.7,0,False
CUST_00249,Medium,Pro,14,99,8,9,1,0,5.0,0,True
CUST_00250,Large,Basic,7,29,2,4,2,2,4.6,0,False
CUST_00251,Large,Basic,18,29,4,4,7,0,3.9,0,False
CUST_00252,Medium,Pro,22,99,0,5,2,1,2.3,0,True
CUST_00253,Small,Basic,1,29,1,5,2,1,4.2,0,False
CUST_00254,Small,Basic,5,29,1,16,4,1,2.6,0,True
CUST_00255,Small,Basic,13,29,0,12,10,3,3.7,0,False
CUST_00256,Large,Pro,3,99,1,19,3,1,3.7,0,False
CUST_00257,Medium,Basic,1,29,15,14,10,1,5.0,0,True
CUST_00258,Medium,Basic,6,29,1,4,1,0,2.9,0,True
CUST_00259,Small,Basic,6,29,9,9,4,0,3.0,1,True
CUST_00260,Small,Pro,12,99,4,5,4,0,4.8,0,False
CUST_00261,Small,Basic,19,29,3,7,1,1,4.5,1,True
CUST_00262,Medium,Basic,1,29,1,8,4,0,5.0,0,False
CUST_00263,Medium,Basic,1,29,2,5,4,0,5.0,0,False
CUST_00264,Small,Pro,2,99,5,5,2,0,4.7,1,True
CUST_00265,Small,Basic,1,29,16,10,3,1,4.3,0,True
CUST_00266,Large,Basic,10,29,6,10,2,0,3.8,0,False
CUST_00267,Large,Basic,3,29,13,9,1,1,3.8,0,False
CUST_00268,Medium,Basic,18,29,8,2,5,1,2.9,1,True
CUST_00269,Medium,Basic,1,29,1,4,1,2,2.1,0,True
CUST_00270,Small,Basic,6,29,11,7,6,2,5.0,1,True
CUST_00271,Small,Pro,12,99,0,3,8,1,4.6,0,True
CUST_00272,Medium,Basic,22,29,8,7,4,0,3.6,0,False
CUST_00273,Small,Basic,3,29,8,21,1,1,3.7,0,True
CUST_00274,Small,Basic,14,29,1,15,2,1,4.2,0,True
CUST_00275,Small,Basic,1,29,5,10,10,1,4.5,0,False
CUST_00276,Medium,Basic,3,29,3,15,2,1,3.7,0,False
CUST_00277,Medium,Basic,4,29,1,4,1,1,3.7,0,False
CUST_00278,Large,Basic,17,29,13,9,5,2,5.0,1,False
CUST_00279,Medium,Pro,4,99,2,5,5,1,3.5,0,False
CUST_00280,Small,Basic,1,29,19,7,4,3,3.3,1,True
CUST_00281,Medium,Pro,1,99,13,12,1,1,4.6,0,True
CUST_00282,Small,Pro,18,99,0,4,2,1,3.6,1,True
CUST_00283,Small,Basic,6,29,2,5,2,0,4.0,0,False
CUST_00284,Small,Enterprise,6,299,1,3,6,1,5.0,0,True
CUST_00285,Small,Pro,21,99,0,6,6,0,3.6,0,False
CUST_00286,Small,Basic,3,29,2,3,3,1,3.5,0,False
CUST_00287,Medium,Basic,1,29,2,5,4,2,2.9,0,True
CUST_00288,Small,Pro,13,99,5,6,7,0,2.8,0,False
CUST_00289,Small,Enterprise,30,299,7,13,6,1,4.2,0,False
CUST_00290,Small,Basic,15,29,1,8,4,1,3.0,0,False
CUST_00291,Large,Basic,1,29,19,5,2,1,4.9,0,True
CUST_00292,Small,Basic,11,29,1,3,5,0,5.0,0,False
CUST_00293,Small,Basic,21,29,2,9,1,0,5.0,0,False
CUST_00294,Large,Basic,17,29,4,8,10,1,3.8,0,False
CUST_00295,Small,Basic,9,29,11,12,7,0,5.0,0,True
CUST_00296,Small,Pro,8,99,4,15,1,0,4.2,0,False
CUST_00297,Medium,Pro,1,99,0,11,1,3,3.2,0,True
CUST_00298,Medium,Basic,7,29,2,6,2,0,4.0,0,False
CUST_00299,Large,Basic,13,29,1,9,9,0,3.1,0,False
CUST_00300,Small,Basic,9,29,6,10,4,1,5.0,1,True
CUST_00301,Large,Basic,5,29,4,3,3,0,3.1,0,False
CUST_00302,Small,Basic,9,29,1,13,1,2,3.5,0,False
CUST_00303,Medium,Basic,19,29,0,23,1,1,5.0,0,False
CUST_00304,Large,Basic,1,29,4,7,4,1,1.9,0,True
CUST_00305,Large,Basic,3,29,5,5,2,3,4.2,0,False
CUST_00306,Medium,Basic,3,29,0,3,2,0,5.0,1,True
CUST_00307,Medium,Basic,1,29,4,15,1,0,3.2,0,True
CUST_00308,Small,Enterprise,11,299,4,25,2,0,4.6,0,False
CUST_00309,Medium,Basic,21,29,5,4,1,1,3.6,0,True
CUST_00310,Large,Basic,1,29,2,9,7,2,4.5,0,False
CUST_00311,Medium,Pro,1,99,4,16,8,0,4.6,0,True
CUST_00312,Small,Basic,1,29,1,5,2,1,3.8,0,True
CUST_00313,Small,Basic,6,29,10,8,3,0,2.7,1,True
CUST_00314,Small,Basic,1,29,0,2,3,2,5.0,0,True
CUST_00315,Medium,Pro,4,99,3,1,3,0,4.5,0,True
CUST_00316,Small,Basic,12,29,5,2,10,0,5.0,1,False
CUST_00317,Medium,Basic,4,29,2,5,4,1,3.5,0,False
CUST_00318,Medium,Pro,1,99,5,6,1,2,3.0,0,True
CUST_00319,Large,Pro,19,99,23,18,8,1,2.8,0,True
CUST_00320,Small,Basic,6,29,4,11,1,2,4.6,0,False
CUST_00321,Medium,Basic,1,29,1,20,4,0,5.0,0,True
CUST_00322,Medium,Basic,7,29,14,7,1,1,5.0,0,True
CUST_00323,Large,Basic,17,29,4,8,9,1,3.6,0,False
CUST_00324,Small,Basic,6,29,4,21,1,0,2.5,0,True
CUST_00325,Medium,Basic,8,29,5,8,10,4,2.5,1,True
CUST_00326,Large,Basic,1,29,0,8,7,2,2.7,1,False
CUST_00327,Small,Pro,11,99,5,6,1,2,3.7,0,True
CUST_00328,Small,Pro,10,99,1,2,1,1,4.4,1,False
CUST_00329,Small,Basic,1,29,3,9,1,1,2.9,1,True
CUST_00330,Small,Pro,23,99,5,8,1,0,5.0,1,False
CUST_00331,Small,Pro,11,99,8,5,5,2,3.6,0,False
CUST_00332,Small,Basic,10,29,3,6,6,1,4.1,0,False
CUST_00333,Medium,Pro,9,99,0,20,7,2,5.0,0,False
CUST_00334,Small,Enterprise,9,299,4,4,1,1,4.4,0,True
CUST_00335,Small,Basic,4,29,10,8,1,0,4.0,0,False
CUST_00336,Medium,Basic,4,29,7,10,2,1,4.1,0,False
CUST_00337,Large,Basic,20,29,2,19,2,0,2.7,1,True
CUST_00338,Small,Basic,1,29,6,7,5,0,5.0,0,True
CUST_00339,Small,Enterprise,2,299,0,2,3,0,3.5,0,False
CUST_00340,Medium,Pro,16,99,0,7,8,2,4.2,1,False
CUST_00341,Small,Basic,4,29,1,8,6,0,3.5,0,False
CUST_00342,Small,Basic,6,29,1,1,1,1,3.8,0,True
CUST_00343,Small,Pro,1,99,5,6,4,0,3.5,1,False
CUST_00344,Small,Pro,1,99,3,7,3,1,2.8,0,True
CUST_00345,Small,Basic,12,29,6,8,3,1,2.8,0,True
CUST_00346,Large,Enterprise,3,299,0,6,1,1,4.0,0,False
CUST_00347,Medium,Basic,1,29,13,8,4,0,4.9,0,True
CUST_00348,Medium,Basic,1,29,4,6,7,0,5.0,0,False
CUST_00349,Small,Pro,1,99,3,2,2,0,4.8,0,True
CUST_00350,Small,Pro,2,99,2,5,2,1,4.5,0,False
CUST_00351,Small,Pro,6,99,10,6,1,1,4.2,0,False
CUST_00352,Small,Enterprise,10,299,4,6,1,2,3.9,0,False
CUST_00353,Large,Basic,11,29,8,10,7,3,3.8,0,False
CUST_00354,Small,Basic,4,29,5,18,2,0,4.3,0,True
CUST_00355,Medium,Basic,1,29,17,18,3,2,4.5,0,True
CUST_00356,Small,Basic,1,29,0,13,4,2,2.1,0,True
CUST_00357,Large,Basic,3,29,8,13,2,0,1.6,1,True
CUST_00358,Medium,Basic,4,29,0,9,10,0,3.9,0,False
CUST_00359,Medium,Basic,24,29,6,6,1,1,4.2,0,False
CUST_00360,Medium,Pro,1,99,2,9,3,2,5.0,0,False
CUST_00361,Medium,Basic,5,29,1,17,10,0,3.2,0,False
CUST_00362,Large,Enterprise,5,299,1,6,9,0,4.4,1,False
CUST_00363,Small,Basic,4,29,0,4,1,0,3.0,0,True
CUST_00364,Medium,Basic,1,29,2,9,2,1,2.4,0,True
CUST_00365,Small,Basic,3,29,0,18,5,1,3.2,0,False
CUST_00366,Small,Basic,19,29,4,13,1,1,2.8,0,True
CUST_00367,Large,Basic,7,29,0,10,3,2,4.3,1,True
CUST_00368,Small,Basic,19,29,7,12,1,1,3.4,0,True
CUST_00369,Small,Basic,1,29,20,6,2,1,5.0,1,True
CUST_00370,Large,Basic,14,29,0,6,1,0,5.0,0,False
CUST_00371,Medium,Enterprise,1,299,7,7,3,0,5.0,0,False
CUST_00372,Small,Enterprise,1,299,1,5,9,1,2.5,0,True
CUST_00373,Small,Basic,3,29,2,8,1,2,3.3,0,True
CUST_00374,Medium,Pro,1,99,2,19,3,2,1.3,1,True
CUST_00375,Small,Enterprise,9,299,0,7,7,1,4.5,0,False
CUST_00376,Large,Basic,2,29,3,5,1,0,3.4,0,True
CUST_00377,Small,Basic,3,29,14,3,3,2,4.3,0,True
CUST_00378,Small,Basic,11,29,0,5,1,1,5.0,0,False
CUST_00379,Small,Basic,5,29,2,14,5,0,2.4,0,True
CUST_00380,Large,Basic,6,29,0,11,4,0,1.1,0,True
CUST_00381,Large,Enterprise,3,299,4,8,4,1,4.3,0,False
CUST_00382,Small,Enterprise,15,299,3,2,4,2,2.5,0,False
CUST_00383,Small,Basic,3,29,2,7,8,0,3.4,0,False
CUST_00384,Small,Basic,8,29,3,11,3,0,4.5,0,False
CUST_00385,Medium,Pro,3,99,0,4,1,2,2.8,0,True
CUST_00386,Small,Pro,1,99,0,2,1,0,3.4,1,True
CUST_00387,Medium,Enterprise,2,299,5,4,1,0,4.2,0,True
CUST_00388,Small,Pro,1,99,9,2,2,0,3.4,0,True
CUST_00389,Small,Basic,2,29,1,3,1,2,4.7,0,True
CUST_00390,Small,Basic,2,29,3,10,4,1,4.2,0,False
CUST_00391,Small,Pro,11,99,1,6,2,2,2.2,0,True
CUST_00392,Large,Basic,11,29,4,7,1,2,3.3,0,False
CUST_00393,Small,Basic,5,29,1,8,1,2,3.9,0,False
CUST_00394,Medium,Basic,8,29,8,21,6,0,3.3,0,True
CUST_00395,Medium,Basic,9,29,7,9,3,0,5.0,0,False
CUST_00396,Medium,Pro,1,99,0,6,1,2,4.3,0,False
CUST_00397,Small,Enterprise,2,299,1,5,5,1,4.5,1,False
CUST_00398,Small,Pro,32,99,12,5,3,1,3.9,0,False
CUST_00399,Medium,Basic,5,29,0,5,2,2,1.8,0,True
CUST_00400,Small,Pro,1,99,4,2,1,1,5.0,1,True
CUST_00401,Small,Basic,19,29,8,6,1,0,3.2,0,False
CUST_00402,Small,Basic,1,29,0,15,4,2,5.0,0,True
CUST_00403,Medium,Pro,6,99,6,2,2,0,2.8,0,False
CUST_00404,Large,Pro,1,99,0,9,7,2,4.6,0,False
CUST_00405,Small,Enterprise,1,299,4,10,1,2,4.6,0,False
CUST_00406,Medium,Enterprise,1,299,5,5,2,1,1.8,1,True
CUST_00407,Small,Basic,2,29,12,3,5,3,4.3,0,True
CUST_00408,Small,Basic,1,29,0,16,2,1,5.0,0,False
CUST_00409,Medium,Pro,2,99,0,3,3,1,4.9,0,False
CUST_00410,Large,Enterprise,9,299,1,7,3,1,2.3,0,False
CUST_00411,Large,Enterprise,1,299,10,1,3,3,3.9,0,True
CUST_00412,Small,Pro,1,99,8,11,1,0,4.8,1,True
CUST_00413,Medium,Enterprise,19,299,3,5,2,1,3.7,0,False
CUST_00414,Large,Pro,4,99,0,6,2,2,3.8,0,False
CUST_00415,Small,Basic,8,29,0,15,3,1,4.0,0,False
CUST_00416,Large,Basic,7,29,4,3,2,1,4.7,0,True
CUST_00417,Small,Enterprise,15,299,9,4,2,0,4.4,0,True
CUST_00418,Medium,Basic,4,29,6,19,2,1,4.6,1,True
CUST_00419,Large,Pro,4,99,3,3,8,1,5.0,0,False
CUST_00420,Small,Basic,2,29,12,6,3,1,4.6,0,True
CUST_00421,Medium,Basic,12,29,1,6,1,1,2.8,0,True
CUST_00422,Large,Basic,8,29,1,13,5,1,5.0,0,False
CUST_00423,Large,Basic,10,29,5,5,1,0,3.9,0,True
CUST_00424,Medium,Pro,1,99,0,9,2,0,4.1,0,False
CUST_00425,Medium,Basic,23,29,2,7,9,0,3.4,0,False
CUST_00426,Small,Enterprise,1,299,0,11,10,1,5.0,0,True
CUST_00427,Medium,Enterprise,8,299,8,8,2,0,4.0,0,True
CUST_00428,Small,Pro,1,99,10,22,1,0,4.0,0,False
CUST_00429,Large,Basic,4,29,7,8,1,1,3.8,1,False
CUST_00430,Small,Pro,3,99,7,6,1,1,4.7,1,True
CUST_00431,Small,Basic,9,29,7,8,1,2,5.0,0,False
CUST_00432,Small,Pro,14,99,2,6,10,2,3.7,0,False
CUST_00433,Large,Basic,1,29,3,10,1,2,3.1,0,False
CUST_00434,Small,Pro,1,99,2,4,5,1,2.1,1,False
CUST_00435,Small,Pro,3,99,11,7,2,0,4.7,0,True
CUST_00436,Medium,Pro,36,99,1,7,5,0,4.6,0,False
CUST_00437,Small,Pro,6,99,0,11,2,1,3.4,0,False
CUST_00438,Medium,Enterprise,6,299,3,10,1,0,4.4,0,True
CUST_00439,Small,Basic,5,29,2,5,3,1,3.5,0,False
CUST_00440,Small,Basic,28,29,0,5,1,0,5.0,0,False
CUST_00441,Medium,Enterprise,9,299,0,11,2,1,4.2,0,False
CUST_00442,Small,Basic,4,29,0,11,2,2,3.0,0,True
CUST_00443,Small,Pro,9,99,1,4,2,2,4.8,0,True
CUST_00444,Small,Pro,8,99,5,8,3,2,3.1,0,False
CUST_00445,Small,Basic,1,29,2,7,2,2,4.0,1,True
CUST_00446,Medium,Basic,21,29,0,15,10,0,5.0,1,False
CUST_00447,Medium,Pro,10,99,1,14,3,1,4.5,0,False
CUST_00448,Large,Basic,1,29,6,7,2,1,5.0,0,True
CUST_00449,Small,Basic,13,29,2,22,4,3,4.1,0,False
CUST_00450,Small,Basic,1,29,15,6,1,2,4.0,0,True
CUST_00451,Small,Basic,4,29,1,12,1,1,5.0,0,False
CUST_00452,Small,Basic,20,29,17,12,5,0,3.9,0,True
CUST_00453,Small,Basic,6,29,2,8,1,0,4.7,2,True
CUST_00454,Small,Basic,4,29,4,10,1,0,5.0,0,False
CUST_00455,Medium,Enterprise,2,299,3,5,1,1,3.7,0,False
CUST_00456,Large,Basic,3,29,9,12,2,2,2.7,1,True
CUST_00457,Small,Basic,1,29,14,4,6,3,5.0,0,True
CUST_00458,Medium,Basic,1,29,6,22,6,1,5.0,0,False
CUST_00459,Large,Basic,3,29,11,10,1,0,4.9,1,False
CUST_00460,Small,Basic,1,29,13,3,6,3,4.5,0,True
CUST_00461,Small,Basic,5,29,4,11,3,2,2.6,1,True
CUST_00462,Small,Basic,12,29,1,6,2,4,4.0,0,False
CUST_00463,Medium,Pro,5,99,1,10,5,0,4.6,0,True
CUST_00464,Large,Basic,14,29,2,5,6,0,4.1,0,False
CUST_00465,Medium,Pro,4,99,4,10,2,1,4.1,0,False
CUST_00466,Small,Basic,7,29,0,32,1,2,5.0,0,True
CUST_00467,Medium,Basic,3,29,5,1,7,0,4.2,1,True
CUST_00468,Medium,Pro,22,99,6,6,1,0,5.0,0,False
CUST_00469,Small,Basic,3,29,9,4,6,2,2.3,0,True
CUST_00470,Small,Basic,6,29,13,15,4,0,4.5,0,False
CUST_00471,Small,Basic,5,29,6,6,1,1,4.6,0,False
CUST_00472,Small,Basic,8,29,3,13,5,0,3.7,0,False
CUST_00473,Medium,Basic,18,29,1,13,2,1,3.6,0,True
CUST_00474,Small,Basic,3,29,0,12,1,3,5.0,0,True
CUST_00475,Small,Basic,13,29,1,9,6,1,4.5,0,False
CUST_00476,Small,Basic,3,29,3,6,1,2,4.7,0,True
CUST_00477,Medium,Basic,6,29,6,2,1,2,4.8,1,True
CUST_00478,Small,Basic,2,29,1,4,10,0,2.6,0,False
CUST_00479,Medium,Basic,2,29,13,4,2,0,5.0,0,False
CUST_00480,Medium,Basic,39,29,2,9,1,0,4.5,0,False
CUST_00481,Medium,Enterprise,2,299,1,6,2,2,3.7,0,False
CUST_00482,Medium,Basic,4,29,1,12,4,0,4.0,0,False
CUST_00483,Small,Pro,16,99,13,10,4,0,2.4,0,True
CUST_00484,Large,Basic,1,29,3,4,2,1,3.7,0,True
CUST_00485,Small,Basic,11,29,0,3,3,2,4.4,1,False
CUST_00486,Small,Basic,9,29,2,8,3,1,3.1,0,False
CUST_00487,Small,Enterprise,19,299,0,3,1,0,5.0,0,False
CUST_00488,Medium,Basic,19,29,15,2,1,0,4.3,0,False
CUST_00489,Medium,Basic,7,29,2,7,7,1,3.3,0,False
CUST_00490,Large,Enterprise,1,299,2,11,5,1,2.5,0,True
CUST_00491,Medium,Basic,1,29,1,6,3,1,5.0,0,True
CUST_00492,Small,Basic,19,29,4,11,2,1,3.9,0,False
CUST_00493,Medium,Basic,1,29,2,5,3,2,4.7,0,False
CUST_00494,Medium,Basic,6,29,7,6,2,1,3.8,1,True
CUST_00495,Medium,Pro,24,99,3,7,3,0,4.4,1,False
CUST_00496,Small,Basic,7,29,0,15,1,2,4.2,1,False
CUST_00497,Small,Basic,5,29,0,2,2,2,3.9,0,True
CUST_00498,Small,Basic,14,29,7,3,1,0,3.3,0,True
CUST_00499,Small,Basic,16,29,1,4,7,4,3.3,0,False
CUST_00500,Small,Basic,8,29,1,19,9,0,5.0,0,False
CUST_00501,Small,Pro,1,99,13,1,3,2,2.5,0,True
CUST_00502,Medium,Basic,18,29,12,8,5,0,3.6,0,True
CUST_00503,Small,Basic,4,29,4,8,1,1,4.0,0,True
CUST_00504,Medium,Basic,5,29,5,2,6,2,5.0,1,True
CUST_00505,Large,Basic,1,29,15,2,2,0,3.9,1,True
CUST_00506,Large,Basic,1,29,3,8,2,0,5.0,0,True
CUST_00507,Small,Basic,3,29,14,8,10,1,3.5,1,False
CUST_00508,Small,Enterprise,1,299,7,9,3,0,5.0,0,True
CUST_00509,Large,Pro,2,99,8,4,1,1,3.6,0,True
CUST_00510,Medium,Basic,15,29,3,4,1,1,3.9,1,True
CUST_00511,Medium,Basic,4,29,7,4,1,1,5.0,0,True
CUST_00512,Small,Pro,6,99,0,7,4,0,3.4,0,False
CUST_00513,Small,Basic,2,29,3,2,7,3,5.0,0,True
CUST_00514,Large,Enterprise,15,299,0,7,5,0,2.0,0,False
CUST_00515,Large,Pro,4,99,8,11,3,0,3.0,0,False
CUST_00516,Small,Pro,15,99,12,10,2,0,2.4,0,True
CUST_00517,Small,Pro,1,99,1,6,1,2,3.8,0,False
CUST_00518,Small,Basic,11,29,4,5,3,0,5.0,0,False
CUST_00519,Medium,Pro,1,99,0,9,3,1,2.8,0,True
CUST_00520,Large,Basic,19,29,8,13,1,1,3.4,1,True
CUST_00521,Small,Enterprise,2,299,3,7,2,0,4.2,0,True
CUST_00522,Medium,Basic,15,29,14,1,4,0,4.5,1,True
CUST_00523,Small,Basic,2,29,3,23,4,0,4.1,0,False
CUST_00524,Small,Pro,33,99,14,9,2,2,3.9,0,True
CUST_00525,Large,Pro,8,99,0,1,1,0,4.7,0,True
CUST_00526,Large,Basic,9,29,1,5,1,2,4.3,0,True
CUST_00527,Medium,Basic,4,29,2,11,4,1,2.8,1,True
CUST_00528,Small,Basic,1,29,6,11,1,1,3.7,0,False
CUST_00529,Small,Basic,1,29,1,5,2,0,4.2,0,False
CUST_00530,Small,Basic,8,29,2,10,10,0,1.6,0,False
CUST_00531,Large,Enterprise,7,299,2,16,2,1,2.3,0,True
CUST_00532,Medium,Pro,7,99,2,8,7,1,3.8,0,False
CUST_00533,Small,Basic,4,29,5,14,3,0,4.5,0,False
CUST_00534,Medium,Pro,1,99,0,6,4,1,4.2,1,True
CUST_00535,Medium,Enterprise,14,299,27,3,4,0,3.1,0,False
CUST_00536,Small,Basic,5,29,4,4,8,1,3.7,0,True
CUST_00537,Medium,Pro,9,99,7,7,1,0,2.5,0,False
CUST_00538,Small,Basic,12,29,1,10,6,1,3.2,0,False
CUST_00539,Medium,Pro,10,99,5,23,3,1,5.0,1,True
CUST_00540,Medium,Basic,10,29,0,9,1,2,5.0,0,False
CUST_00541,Medium,Basic,1,29,9,10,6,2,2.8,0,True
CUST_00542,Medium,Basic,1,29,1,2,2,2,4.2,0,True
CUST_00543,Medium,Pro,17,99,2,14,3,0,5.0,1,True
CUST_00544,Small,Pro,1,99,0,1,2,0,4.2,0,True
CUST_00545,Medium,Basic,1,29,0,21,5,1,4.8,0,True
CUST_00546,Medium,Pro,5,99,2,13,1,0,4.3,1,True
CUST_00547,Medium,Pro,26,99,0,17,3,1,4.7,0,False
CUST_00548,Small,Basic,14,29,0,6,4,1,2.9,0,False
CUST_00549,Medium,Pro,3,99,0,16,9,1,4.3,0,False
CUST_00550,Small,Basic,24,29,1,7,5,1,4.4,0,False
CUST_00551,Small,Enterprise,6,299,3,9,3,0,3.3,0,False
CUST_00552,Medium,Basic,10,29,1,25,1,0,3.0,0,True
CUST_00553,Small,Basic,11,29,1,10,3,0,4.1,0,False
CUST_00554,Medium,Pro,2,99,2,9,2,0,2.8,0,True
CUST_00555,Medium,Pro,5,99,3,3,3,1,4.7,0,False
CUST_00556,Small,Basic,8,29,6,5,1,0,4.7,0,True
CUST_00557,Small,Basic,1,29,2,10,3,1,2.7,0,True
CUST_00558,Large,Enterprise,3,299,4,2,2,1,2.7,0,True
CUST_00559,Medium,Basic,16,29,4,4,3,2,5.0,0,True
CUST_00560,Small,Basic,4,29,1,3,6,0,5.0,0,True
CUST_00561,Medium,Basic,1,29,3,21,2,0,4.6,0,True
CUST_00562,Medium,Pro,4,99,3,10,5,2,4.8,0,False
CUST_00563,Small,Pro,4,99,3,5,6,0,1.6,0,False
CUST_00564,Small,Basic,4,29,5,4,5,0,3.4,1,True
CUST_00565,Small,Basic,1,29,3,10,2,2,1.8,0,True
CUST_00566,Medium,Pro,21,99,1,5,3,2,3.2,0,False
CUST_00567,Small,Basic,1,29,2,6,1,3,4.1,0,False
CUST_00568,Small,Basic,12,29,7,17,2,0,3.1,0,True
CUST_00569,Small,Basic,19,29,0,3,1,1,4.3,0,True
CUST_00570,Medium,Basic,14,29,2,3,5,1,5.0,0,False
CUST_00571,Medium,Basic,2,29,2,7,3,0,2.5,0,True
CUST_00572,Small,Pro,1,99,1,6,6,0,3.1,0,True
CUST_00573,Large,Basic,1,29,0,7,6,0,4.6,0,False
CUST_00574,Medium,Pro,2,99,14,7,2,1,5.0,0,False
CUST_00575,Small,Pro,7,99,2,5,1,0,3.6,0,False
CUST_00576,Large,Pro,1,99,10,7,7,2,3.7,0,False
CUST_00577,Large,Basic,1,29,8,3,3,2,2.6,1,True
CUST_00578,Small,Pro,2,99,0,1,4,1,4.7,0,False
CUST_00579,Small,Pro,1,99,2,5,1,2,4.3,1,True
CUST_00580,Large,Basic,2,29,3,11,1,2,3.4,0,True
CUST_00581,Small,Pro,4,99,1,7,8,0,4.8,0,True
CUST_00582,Small,Basic,1,29,27,4,2,1,3.4,1,True
CUST_00583,Small,Basic,3,29,5,11,1,2,2.8,0,True
CUST_00584,Small,Basic,1,29,7,12,1,1,5.0,0,False
CUST_00585,Large,Basic,1,29,11,11,1,1,3.8,0,True
CUST_00586,Small,Basic,9,29,7,2,4,0,3.2,0,True
CUST_00587,Medium,Basic,7,29,12,3,10,3,4.6,0,False
CUST_00588,Small,Pro,3,99,4,5,1,1,3.7,0,False
CUST_00589,Small,Basic,1,29,2,13,1,0,4.0,1,True
CUST_00590,Small,Pro,14,99,4,4,1,0,4.8,0,True
CUST_00591,Small,Basic,4,29,3,2,2,1,4.4,1,True
CUST_00592,Medium,Basic,4,29,0,11,3,2,5.0,0,False
CUST_00593,Large,Basic,4,29,7,9,7,3,5.0,1,False
CUST_00594,Medium,Basic,3,29,1,5,2,1,4.2,0,False
CUST_00595,Medium,Pro,1,99,0,1,1,1,4.4,0,True
CUST_00596,Small,Pro,15,99,1,2,1,0,4.2,1,True
CUST_00597,Medium,Basic,4,29,9,7,5,1,4.1,0,False
CUST_00598,Large,Basic,4,29,0,2,4,0,5.0,0,True
CUST_00599,Small,Basic,1,29,1,4,2,0,3.7,0,True
CUST_00600,Small,Basic,1,29,5,2,4,1,3.1,0,False
CUST_00601,Small,Pro,4,99,14,9,1,0,4.8,1,True
CUST_00602,Medium,Basic,1,29,1,5,1,1,3.8,0,False
CUST_00603,Large,Basic,2,29,13,8,4,1,4.5,0,True
CUST_00604,Large,Basic,30,29,25,5,2,0,3.1,0,False
CUST_00605,Small,Pro,1,99,4,6,4,2,3.9,1,True
CUST_00606,Small,Basic,6,29,0,12,5,1,5.0,0,False
CUST_00607,Medium,Basic,1,29,10,14,3,2,5.0,0,True
CUST_00608,Small,Enterprise,1,299,5,8,9,3,3.1,1,False
CUST_00609,Small,Basic,20,29,11,2,2,0,4.7,0,True
CUST_00610,Small,Basic,1,29,1,6,2,2,4.4,0,False
CUST_00611,Medium,Basic,4,29,11,9,9,1,5.0,1,True
CUST_00612,Small,Pro,2,99,5,5,5,0,3.8,0,False
CUST_00613,Large,Basic,1,29,0,15,3,0,3.6,0,False
CUST_00614,Small,Basic,4,29,1,11,2,2,5.0,0,True
CUST_00615,Medium,Basic,4,29,0,4,5,0,2.2,0,True
CUST_00616,Small,Basic,16,29,2,15,3,2,3.5,0,False
CUST_00617,Large,Basic,5,29,1,7,2,1,4.4,0,False
CUST_00618,Small,Basic,2,29,1,3,1,1,4.8,1,True
CUST_00619,Medium,Enterprise,14,299,1,4,1,1,4.9,0,False
CUST_00620,Small,Pro,14,99,3,11,3,1,5.0,0,False
CUST_00621,Medium,Basic,1,29,2,4,2,1,4.0,0,True
CUST_00622,Medium,Basic,4,29,2,9,6,0,5.0,0,False
CUST_00623,Medium,Basic,2,29,0,4,1,0,4.3,1,False
CUST_00624,Medium,Basic,4,29,0,22,4,1,2.3,1,True
CUST_00625,Small,Basic,15,29,1,12,10,1,4.7,0,False
CUST_00626,Medium,Basic,4,29,0,9,3,0,2.9,0,False
CUST_00627,Medium,Pro,4,99,7,6,1,2,5.0,0,True
CUST_00628,Large,Basic,1,29,10,1,1,0,5.0,0,True
CUST_00629,Medium,Basic,22,29,0,8,7,1,4.2,0,False
CUST_00630,Medium,Basic,1,29,12,5,3,0,5.0,0,False
CUST_00631,Large,Pro,1,99,5,15,10,1,4.9,0,True
CUST_00632,Large,Basic,1,29,2,3,2,0,5.0,0,True
CUST_00633,Medium,Basic,1,29,1,5,3,0,4.4,0,False
CUST_00634,Small,Enterprise,3,299,12,11,5,2,4.4,0,True
CUST_00635,Small,Basic,14,29,2,9,2,1,4.0,0,False
CUST_00636,Small,Basic,31,29,2,5,2,1,3.8,0,False
CUST_00637,Small,Pro,21,99,1,13,4,1,2.5,0,True
CUST_00638,Small,Pro,15,99,4,5,5,0,5.0,0,False
CUST_00639,Medium,Basic,1,29,4,11,3,0,3.2,0,False
CUST_00640,Small,Pro,8,99,5,6,3,3,3.4,0,False
CUST_00641,Medium,Basic,30,29,0,3,3,1,4.9,0,False
CUST_00642,Medium,Basic,6,29,1,5,2,0,4.1,0,False
CUST_00643,Small,Basic,5,29,2,6,1,0,3.1,1,False
CUST_00644,Small,Pro,10,99,1,6,1,1,5.0,1,False
CUST_00645,Medium,Basic,3,29,4,6,4,3,1.0,0,False
CUST_00646,Small,Basic,17,29,6,10,4,2,3.6,0,False
CUST_00647,Small,Basic,4,29,19,1,1,1,5.0,0,False
CUST_00648,Small,Basic,22,29,2,16,4,0,3.2,0,False
CUST_00649,Medium,Enterprise,6,299,3,6,2,4,2.0,0,False
CUST_00650,Small,Enterprise,4,299,4,8,3,1,4.3,0,False
CUST_00651,Small,Pro,4,99,1,17,10,0,4.1,0,False
CUST_00652,Medium,Basic,5,29,0,3,3,2,4.2,0,True
CUST_00653,Large,Pro,15,99,0,12,1,0,3.1,0,True
CUST_00654,Small,Basic,12,29,4,7,3,2,4.7,1,False
CUST_00655,Small,Enterprise,1,299,3,20,4,1,5.0,0,True
CUST_00656,Small,Basic,19,29,9,13,2,1,4.7,0,True
CUST_00657,Large,Basic,10,29,2,22,3,2,4.0,0,False
CUST_00658,Small,Basic,8,29,1,13,1,0,5.0,0,True
CUST_00659,Small,Basic,9,29,5,3,1,0,5.0,0,False
CUST_00660,Small,Basic,6,29,0,9,5,0,3.9,1,False
CUST_00661,Medium,Basic,2,29,3,20,2,2,3.5,0,True
CUST_00662,Medium,Basic,3,29,1,16,1,0,3.5,0,False
CUST_00663,Small,Pro,7,99,2,15,1,2,2.9,0,True
CUST_00664,Small,Pro,29,99,1,22,2,1,4.4,1,True
CUST_00665,Large,Basic,1,29,7,13,3,2,3.8,0,True
CUST_00666,Medium,Basic,13,29,7,17,4,1,4.8,0,False
CUST_00667,Small,Basic,2,29,4,3,6,0,4.1,0,True
CUST_00668,Large,Enterprise,2,299,6,7,2,1,2.2,0,True
CUST_00669,Small,Basic,1,29,3,10,7,1,4.8,0,True
CUST_00670,Medium,Basic,20,29,3,2,8,0,3.8,1,True
CUST_00671,Medium,Basic,2,29,1,15,1,0,4.5,0,True
CUST_00672,Small,Enterprise,10,299,1,5,1,0,3.6,0,False
CUST_00673,Medium,Basic,9,29,0,11,8,3,3.9,0,False
CUST_00674,Large,Basic,20,29,8,5,2,3,3.7,0,True
CUST_00675,Small,Basic,8,29,3,4,4,2,3.9,1,True
CUST_00676,Small,Pro,2,99,0,19,10,1,5.0,0,False
CUST_00677,Small,Pro,22,99,5,6,6,2,3.9,1,False
CUST_00678,Small,Basic,8,29,7,8,2,0,2.0,0,True
CUST_00679,Small,Basic,24,29,0,6,5,1,5.0,0,False
CUST_00680,Medium,Pro,1,99,5,1,5,2,3.1,0,True
CUST_00681,Small,Basic,10,29,6,6,1,0,3.1,0,False
CUST_00682,Medium,Basic,4,29,2,8,8,1,4.0,0,False
CUST_00683,Small,Basic,11,29,0,1,7,1,4.7,0,False
CUST_00684,Small,Enterprise,1,299,20,10,5,0,3.2,0,False
CUST_00685,Small,Basic,7,29,10,7,1,0,3.6,0,True
CUST_00686,Small,Enterprise,1,299,2,7,2,0,5.0,0,False
CUST_00687,Medium,Basic,2,29,0,3,3,1,2.5,0,False
CUST_00688,Medium,Basic,2,29,0,14,1,2,3.1,0,True
CUST_00689,Medium,Enterprise,1,299,3,18,2,2,4.0,0,True
CUST_00690,Small,Pro,27,99,2,14,2,0,4.2,0,False
CUST_00691,Small,Pro,12,99,2,19,3,1,4.0,1,True
CUST_00692,Small,Basic,1,29,1,10,1,2,3.4,0,True
CUST_00693,Medium,Basic,12,29,6,5,6,0,2.6,1,True
CUST_00694,Medium,Pro,2,99,0,7,4,1,3.1,1,True
CUST_00695,Large,Basic,28,29,14,4,5,1,2.8,0,True
CUST_00696,Small,Basic,12,29,3,8,3,0,5.0,1,False
CUST_00697,Small,Basic,5,29,0,4,2,1,4.0,1,True
CUST_00698,Large,Pro,1,99,0,11,10,2,4.8,1,True
CUST_00699,Small,Basic,3,29,5,4,1,2,4.6,0,True
CUST_00700,Small,Pro,1,99,27,6,4,2,3.4,0,False
CUST_00701,Small,Basic,5,29,5,9,3,1,3.4,0,False
CUST_00702,Small,Pro,5,99,13,11,6,0,4.1,0,True
CUST_00703,Medium,Basic,1,29,2,1,1,0,5.0,1,True
CUST_00704,Large,Pro,1,99,1,5,3,1,5.0,1,True
CUST_00705,Small,Basic,6,29,12,15,5,1,3.7,1,True
CUST_00706,Small,Basic,2,29,10,18,8,3,3.3,0,False
CUST_00707,Large,Pro,22,99,0,6,1,0,5.0,0,False
CUST_00708,Small,Basic,8,29,2,5,2,2,5.0,0,False
CUST_00709,Small,Basic,10,29,0,21,3,3,3.3,0,False
CUST_00710,Small,Enterprise,16,299,4,3,1,1,5.0,0,False
CUST_00711,Large,Enterprise,4,299,1,7,1,2,3.5,0,False
CUST_00712,Medium,Pro,10,99,13,8,1,0,3.7,0,True
CUST_00713,Large,Basic,10,29,0,5,4,0,4.8,2,False
CUST_00714,Small,Pro,2,99,4,6,2,1,4.9,0,True
CUST_00715,Small,Basic,11,29,3,7,1,2,4.4,0,False
CUST_00716,Large,Pro,8,99,1,6,8,1,5.0,0,False
CUST_00717,Small,Pro,2,99,1,6,1,1,3.1,0,False
CUST_00718,Medium,Enterprise,3,299,6,12,3,0,2.3,0,True
CUST_00719,Medium,Basic,1,29,0,9,1,0,4.5,0,True
CUST_00720,Medium,Basic,15,29,4,6,1,0,5.0,0,False
CUST_00721,Medium,Basic,1,29,3,7,5,2,4.9,0,True
CUST_00722,Small,Pro,4,99,1,6,10,1,5.0,0,False
CUST_00723,Small,Basic,4,29,3,8,1,0,3.6,0,False
CUST_00724,Medium,Basic,3,29,2,17,7,0,4.0,0,False
CUST_00725,Small,Basic,17,29,1,8,4,0,2.7,0,True
CUST_00726,Small,Basic,12,29,0,8,3,0,4.1,0,False
CUST_00727,Medium,Pro,3,99,3,9,1,0,4.0,0,False
CUST_00728,Small,Basic,5,29,2,6,8,1,3.9,1,False
CUST_00729,Small,Basic,3,29,1,11,2,2,5.0,0,False
CUST_00730,Medium,Basic,5,29,2,15,1,1,3.1,1,True
CUST_00731,Medium,Basic,4,29,2,11,2,0,3.1,0,True
CUST_00732,Medium,Basic,3,29,5,7,2,2,3.9,1,False
CUST_00733,Large,Basic,19,29,1,9,10,1,2.4,1,True
CUST_00734,Small,Basic,2,29,3,9,5,1,5.0,0,True
CUST_00735,Small,Basic,15,29,0,3,3,1,4.0,0,False
CUST_00736,Medium,Basic,13,29,2,12,2,5,5.0,0,False
CUST_00737,Small,Pro,7,99,2,8,1,3,4.0,0,False
CUST_00738,Large,Basic,1,29,18,8,6,0,4.0,0,True
CUST_00739,Small,Basic,2,29,0,19,5,0,2.4,0,False
CUST_00740,Small,Basic,22,29,8,5,3,0,5.0,0,False
CUST_00741,Medium,Basic,14,29,0,3,2,0,5.0,0,True
CUST_00742,Small,Basic,9,29,7,13,1,2,2.4,0,True
CUST_00743,Medium,Basic,5,29,18,6,2,0,2.9,0,True
CUST_00744,Medium,Pro,13,99,0,5,10,1,4.8,0,False
CUST_00745,Small,Pro,1,99,13,3,1,0,3.2,0,True
CUST_00746,Small,Basic,7,29,1,14,1,1,3.4,0,True
CUST_00747,Small,Pro,5,99,4,6,6,2,5.0,0,False
CUST_00748,Medium,Basic,17,29,0,12,5,1,3.4,0,False
CUST_00749,Small,Pro,10,99,7,6,4,0,3.9,0,False
CUST_00750,Small,Basic,7,29,6,4,3,1,4.8,0,False
CUST_00751,Medium,Pro,14,99,1,10,3,2,3.8,0,False
CUST_00752,Small,Pro,12,99,0,11,7,2,3.2,0,False
CUST_00753,Small,Pro,19,99,2,9,6,2,4.4,0,False
CUST_00754,Small,Basic,21,29,10,7,2,3,4.1,0,False
CUST_00755,Medium,Pro,1,99,2,15,3,1,4.6,0,False
CUST_00756,Small,Enterprise,1,299,0,9,7,1,5.0,0,True
CUST_00757,Large,Basic,7,29,0,2,5,1,3.0,0,True
CUST_00758,Small,Pro,16,99,4,5,1,0,3.6,0,False
CUST_00759,Small,Pro,2,99,6,19,3,1,4.2,0,True
CUST_00760,Small,Basic,32,29,0,20,7,0,2.2,1,False
CUST_00761,Small,Basic,1,29,0,10,1,2,4.7,0,True
CUST_00762,Small,Pro,3,99,9,11,8,2,3.5,0,True
CUST_00763,Medium,Basic,6,29,10,6,2,1,4.0,0,True
CUST_00764,Medium,Basic,11,29,2,7,3,0,4.5,0,False
CUST_00765,Small,Basic,5,29,5,15,2,0,3.4,0,False
CUST_00766,Small,Enterprise,5,299,12,14,6,0,3.1,0,False
CUST_00767,Medium,Basic,1,29,2,16,7,0,3.3,1,False
CUST_00768,Large,Basic,2,29,2,10,8,0,4.5,0,False
CUST_00769,Medium,Basic,4,29,3,12,3,3,5.0,0,False
CUST_00770,Small,Basic,27,29,4,9,5,2,4.9,1,False
CUST_00771,Small,Pro,12,99,1,9,1,2,4.4,0,False
CUST_00772,Small,Enterprise,1,299,7,1,4,1,3.7,0,False
CUST_00773,Small,Enterprise,3,299,0,11,4,0,5.0,0,False
CUST_00774,Small,Pro,1,99,8,15,1,0,3.6,0,True
CUST_00775,Medium,Pro,7,99,2,4,7,0,3.7,0,True
CUST_00776,Large,Pro,1,99,0,27,3,1,4.5,0,False
CUST_00777,Large,Pro,3,99,1,5,1,0,3.7,0,True
CUST_00778,Medium,Pro,2,99,1,16,1,0,3.3,0,False
CUST_00779,Large,Basic,9,29,4,11,4,0,2.0,1,True
CUST_00780,Medium,Pro,1,99,2,15,6,1,5.0,0,False
CUST_00781,Small,Basic,1,29,0,11,4,2,4.8,1,False
CUST_00782,Medium,Basic,6,29,3,9,1,3,4.2,0,False
CUST_00783,Small,Pro,20,99,5,10,3,2,2.9,0,False
CUST_00784,Small,Basic,1,29,2,9,1,2,4.6,1,True
CUST_00785,Medium,Basic,3,29,2,9,1,0,4.6,0,False
CUST_00786,Medium,Basic,15,29,8,8,3,0,1.9,1,True
CUST_00787,Small,Basic,4,29,1,9,2,1,3.2,1,True
CUST_00788,Medium,Enterprise,12,299,0,17,1,3,3.7,1,True
CUST_00789,Medium,Basic,12,29,3,13,1,0,5.0,1,True
CUST_00790,Medium,Basic,10,29,1,2,5,2,4.5,0,True
CUST_00791,Medium,Basic,1,29,1,9,5,1,3.6,0,False
CUST_00792,Large,Basic,7,29,2,22,2,0,4.9,0,False
CUST_00793,Small,Basic,14,29,7,10,1,1,4.5,1,False
CUST_00794,Medium,Pro,30,99,5,12,4,3,4.3,0,False
CUST_00795,Medium,Pro,1,99,1,4,4,0,4.7,0,True
CUST_00796,Medium,Pro,18,99,12,7,1,1,3.7,1,True
CUST_00797,Medium,Basic,4,29,0,17,2,1,5.0,0,True
CUST_00798,Medium,Basic,5,29,3,6,1,1,3.7,0,True
CUST_00799,Medium,Basic,3,29,2,8,7,1,4.8,0,False
CUST_00800,Small,Pro,4,99,6,6,1,0,4.6,0,True
CUST_00801,Medium,Basic,1,29,1,12,1,0,3.3,0,True
CUST_00802,Small,Basic,10,29,0,1,1,0,3.9,0,True
CUST_00803,Medium,Basic,1,29,0,6,3,3,3.0,0,False
CUST_00804,Medium,Basic,2,29,0,5,1,0,3.8,1,True
CUST_00805,Medium,Basic,1,29,9,8,1,1,3.6,2,True
CUST_00806,Large,Basic,1,29,1,16,4,3,5.0,0,True
CUST_00807,Medium,Basic,31,29,2,6,2,1,5.0,0,True
CUST_00808,Small,Basic,11,29,4,3,6,2,5.0,0,True
CUST_00809,Medium,Pro,3,99,3,18,6,2,3.9,0,False
CUST_00810,Small,Basic,4,29,0,7,1,1,5.0,0,False
CUST_00811,Medium,Pro,3,99,0,9,3,2,3.8,0,False
CUST_00812,Small,Enterprise,17,299,7,10,1,2,3.7,1,False
CUST_00813,Small,Basic,34,29,0,7,5,0,3.7,0,False
CUST_00814,Small,Pro,1,99,0,3,5,0,3.1,0,False
CUST_00815,Small,Pro,7,99,2,11,1,0,4.3,0,False
CUST_00816,Small,Enterprise,2,299,2,9,8,1,4.3,0,False
CUST_00817,Medium,Pro,1,99,2,12,3,1,3.5,0,False
CUST_00818,Small,Pro,15,99,5,8,1,2,5.0,1,True
CUST_00819,Medium,Pro,1,99,8,6,1,3,2.6,0,False
CUST_00820,Medium,Pro,6,99,9,7,3,0,3.8,0,True
CUST_00821,Small,Basic,1,29,7,14,1,1,3.9,0,False
CUST_00822,Medium,Pro,1,99,1,9,5,1,4.7,0,False
CUST_00823,Small,Basic,16,29,7,14,2,1,3.6,1,True
CUST_00824,Medium,Basic,1,29,0,12,2,1,3.3,0,False
CUST_00825,Small,Basic,2,29,0,14,3,2,5.0,0,False
CUST_00826,Small,Basic,7,29,4,5,9,0,3.5,0,False
CUST_00827,Small,Pro,3,99,4,9,1,4,3.1,0,False
CUST_00828,Medium,Basic,3,29,0,9,2,0,4.7,0,True
CUST_00829,Small,Basic,2,29,14,25,3,1,3.9,0,False
CUST_00830,Large,Basic,3,29,3,4,3,3,5.0,0,False
CUST_00831,Small,Basic,4,29,0,9,1,2,2.9,0,True
CUST_00832,Small,Pro,1,99,0,4,5,1,5.0,0,True
CUST_00833,Small,Basic,2,29,20,16,3,1,3.0,0,True
CUST_00834,Medium,Pro,19,99,3,5,4,1,3.2,1,True
CUST_00835,Medium,Pro,9,99,1,5,6,3,4.9,0,False
CUST_00836,Small,Enterprise,1,299,3,6,4,1,2.6,2,True
CUST_00837,Small,Basic,1,29,16,2,2,1,3.6,0,True
CUST_00838,Small,Enterprise,8,299,2,11,4,1,3.9,0,False
CUST_00839,Large,Basic,1,29,4,5,3,2,3.8,1,True
CUST_00840,Large,Basic,17,29,10,10,9,0,4.7,1,False
CUST_00841,Large,Pro,1,99,0,12,8,0,5.0,1,True
CUST_00842,Medium,Pro,5,99,1,10,2,1,3.6,0,True
CUST_00843,Small,Basic,3,29,1,4,4,1,5.0,0,False
CUST_00844,Small,Basic,20,29,4,12,4,0,4.4,1,False
CUST_00845,Small,Basic,5,29,1,11,10,1,3.6,0,False
CUST_00846,Small,Basic,2,29,9,16,2,3,5.0,0,True
CUST_00847,Medium,Pro,9,99,15,13,3,0,4.2,0,False
CUST_00848,Small,Basic,11,29,0,2,9,2,2.6,0,True
CUST_00849,Small,Basic,6,29,0,17,1,2,4.4,0,False
CUST_00850,Small,Basic,11,29,3,7,6,2,3.8,1,True
CUST_00851,Medium,Basic,14,29,0,7,1,2,4.4,0,False
CUST_00852,Medium,Basic,11,29,3,18,1,1,4.3,0,True
CUST_00853,Medium,Basic,10,29,0,9,3,0,5.0,0,False
CUST_00854,Medium,Pro,4,99,0,3,10,1,5.0,2,True
CUST_00855,Small,Basic,25,29,2,7,4,2,3.8,0,False
CUST_00856,Medium,Basic,2,29,1,6,4,0,5.0,1,False
CUST_00857,Small,Basic,31,29,7,12,2,1,4.3,0,False
CUST_00858,Large,Basic,5,29,8,5,1,2,5.0,1,False
CUST_00859,Medium,Basic,7,29,1,5,2,2,4.3,1,True
CUST_00860,Small,Pro,1,99,0,14,2,0,2.4,0,True
CUST_00861,Small,Basic,1,29,2,6,1,0,5.0,1,True
CUST_00862,Small,Basic,16,29,0,15,7,1,4.6,0,False
CUST_00863,Small,Pro,9,99,4,6,10,2,2.6,0,False
CUST_00864,Small,Basic,9,29,1,6,4,0,4.2,0,False
CUST_00865,Medium,Basic,38,29,20,13,2,0,1.1,0,True
CUST_00866,Small,Basic,5,29,7,1,2,0,4.3,0,True
CUST_00867,Small,Enterprise,11,299,11,8,2,3,3.8,0,False
CUST_00868,Small,Basic,6,29,8,7,4,1,3.9,0,True
CUST_00869,Large,Basic,21,29,6,6,8,1,3.3,0,False
CUST_00870,Small,Basic,2,29,7,4,6,1,4.0,0,False
CUST_00871,Small,Basic,1,29,2,9,1,1,5.0,0,False
CUST_00872,Small,Pro,7,99,5,3,1,1,4.5,0,True
CUST_00873,Small,Pro,12,99,0,7,4,2,2.8,0,True
CUST_00874,Medium,Pro,1,99,5,3,1,1,4.6,1,True
CUST_00875,Medium,Basic,13,29,7,3,9,1,3.8,0,True
CUST_00876,Medium,Basic,2,29,9,7,2,2,4.2,1,True
CUST_00877,Medium,Basic,4,29,1,20,5,4,3.9,0,False
CUST_00878,Small,Basic,2,29,6,0,2,0,4.4,0,True
CUST_00879,Medium,Pro,3,99,19,3,2,2,4.8,1,False
CUST_00880,Medium,Basic,24,29,3,3,2,2,3.3,0,True
CUST_00881,Medium,Enterprise,9,299,1,9,4,0,3.6,0,False
CUST_00882,Small,Basic,11,29,23,5,1,0,3.2,0,True
CUST_00883,Medium,Pro,2,99,2,3,8,0,3.6,0,False
CUST_00884,Small,Basic,1,29,1,10,2,0,4.6,0,False
CUST_00885,Medium,Basic,11,29,9,10,1,2,3.6,1,True
CUST_00886,Medium,Basic,5,29,21,12,2,1,4.1,0,True
CUST_00887,Small,Basic,7,29,1,10,1,0,5.0,0,True
CUST_00888,Small,Basic,4,29,14,13,2,3,3.7,0,True
CUST_00889,Medium,Pro,6,99,5,13,4,0,4.7,0,False
CUST_00890,Medium,Basic,6,29,0,9,3,1,4.0,0,False
CUST_00891,Small,Basic,12,29,12,11,4,0,4.6,0,False
CUST_00892,Small,Basic,1,29,5,9,10,1,5.0,0,False
CUST_00893,Small,Pro,18,99,10,6,4,0,4.3,0,True
CUST_00894,Small,Pro,10,99,9,11,1,0,3.0,1,True
CUST_00895,Small,Basic,1,29,3,4,5,1,5.0,0,False
CUST_00896,Small,Basic,1,29,1,4,2,0,4.8,0,True
CUST_00897,Small,Pro,1,99,3,5,5,1,5.0,0,False
CUST_00898,Small,Basic,1,29,4,5,7,2,3.2,0,False
CUST_00899,Small,Basic,5,29,12,3,4,2,4.6,0,True
CUST_00900,Medium,Enterprise,1,299,3,12,5,1,4.9,0,False
CUST_00901,Small,Basic,1,29,5,3,3,2,3.2,2,False
CUST_00902,Medium,Pro,6,99,1,8,7,0,2.5,0,True
CUST_00903,Medium,Enterprise,11,299,5,6,2,0,3.8,0,True
CUST_00904,Small,Basic,1,29,5,6,6,0,4.4,0,False
CUST_00905,Medium,Basic,7,29,13,3,8,0,3.1,0,True
CUST_00906,Small,Basic,20,29,7,22,2,0,5.0,0,False
CUST_00907,Small,Basic,2,29,0,9,3,2,4.5,0,False
CUST_00908,Small,Pro,1,99,8,5,5,1,2.4,0,True
CUST_00909,Small,Pro,26,99,2,12,3,2,2.9,0,True
CUST_00910,Small,Basic,3,29,0,3,1,2,4.7,0,True
CUST_00911,Small,Basic,2,29,14,5,3,1,3.1,0,True
CUST_00912,Small,Pro,7,99,3,5,1,1,3.3,0,False
CUST_00913,Medium,Pro,17,99,2,15,3,1,4.5,0,False
CUST_00914,Medium,Basic,5,29,0,6,1,2,3.2,0,False
CUST_00915,Large,Basic,17,29,1,6,8,5,5.0,1,False
CUST_00916,Medium,Basic,5,29,10,6,1,0,4.9,0,False
CUST_00917,Small,Pro,6,99,2,0,4,0,5.0,0,True
CUST_00918,Medium,Basic,11,29,1,9,3,1,3.2,0,False
CUST_00919,Large,Pro,3,99,31,5,4,1,2.7,0,False
CUST_00920,Medium,Basic,32,29,6,11,1,0,4.6,1,False
CUST_00921,Large,Basic,4,29,0,8,6,1,4.8,0,True
CUST_00922,Large,Basic,23,29,2,10,4,1,2.7,1,False
CUST_00923,Medium,Basic,30,29,4,10,10,0,3.4,0,False
CUST_00924,Small,Basic,1,29,5,4,10,1,3.1,1,True
CUST_00925,Medium,Basic,6,29,19,12,3,1,2.4,0,False
CUST_00926,Small,Pro,2,99,1,11,7,2,2.3,0,False
CUST_00927,Small,Basic,24,29,4,10,6,0,3.9,0,False
CUST_00928,Small,Basic,27,29,5,3,2,0,2.9,2,True
CUST_00929,Small,Basic,1,29,1,11,1,1,4.1,0,True
CUST_00930,Medium,Basic,3,29,3,2,5,0,2.9,0,True
CUST_00931,Small,Basic,6,29,6,11,1,1,3.2,0,True
CUST_00932,Medium,Enterprise,7,299,6,2,2,0,3.9,0,True
CUST_00933,Medium,Basic,3,29,0,3,2,1,5.0,0,False
CUST_00934,Medium,Basic,2,29,3,6,3,0,2.6,3,True
CUST_00935,Small,Basic,6,29,9,8,3,0,5.0,1,False
CUST_00936,Medium,Pro,1,99,9,10,2,0,3.5,0,True
CUST_00937,Medium,Pro,3,99,2,7,6,1,5.0,0,False
CUST_00938,Large,Basic,9,29,18,6,2,2,3.8,0,True
CUST_00939,Medium,Basic,10,29,2,3,1,0,3.7,0,False
CUST_00940,Small,Pro,10,99,4,7,2,2,3.0,0,False
CUST_00941,Small,Pro,11,99,0,3,5,1,3.0,0,True
CUST_00942,Medium,Basic,3,29,1,4,1,1,5.0,0,False
CUST_00943,Medium,Pro,6,99,13,8,5,0,4.0,0,True
CUST_00944,Small,Pro,6,99,5,25,1,0,5.0,0,True
CUST_00945,Small,Enterprise,1,299,1,14,3,1,2.4,1,True
CUST_00946,Medium,Basic,4,29,3,3,3,0,1.2,1,True
CUST_00947,Medium,Basic,47,29,10,3,1,1,2.9,1,True
CUST_00948,Large,Basic,1,29,4,10,6,2,4.2,0,False
CUST_00949,Small,Basic,2,29,4,10,1,0,4.4,0,True
CUST_00950,Medium,Basic,1,29,0,6,1,0,5.0,0,False
CUST_00951,Large,Basic,14,29,0,4,3,2,4.5,1,True
CUST_00952,Medium,Basic,3,29,0,13,3,1,2.1,0,False
CUST_00953,Small,Basic,11,29,12,4,5,2,4.5,1,True
CUST_00954,Medium,Basic,1,29,23,16,7,1,3.3,1,True
CUST_00955,Small,Basic,2,29,2,5,3,2,4.1,1,False
CUST_00956,Small,Basic,15,29,0,7,10,1,3.5,0,False
CUST_00957,Small,Pro,1,99,0,17,4,2,2.4,1,True
CUST_00958,Small,Basic,1,29,9,26,3,1,4.2,1,True
CUST_00959,Small,Basic,2,29,2,10,4,1,3.8,0,False
CUST_00960,Medium,Pro,1,99,2,9,2,1,4.6,0,True
CUST_00961,Medium,Basic,3,29,4,1,7,3,5.0,0,True
CUST_00962,Small,Enterprise,8,299,0,20,5,0,3.3,1,True
CUST_00963,Small,Basic,4,29,12,7,6,0,3.5,0,False
CUST_00964,Small,Basic,3,29,5,5,9,0,1.9,0,True
CUST_00965,Medium,Basic,4,29,0,7,2,1,3.9,0,False
CUST_00966,Large,Basic,1,29,0,0,6,1,4.4,0,True
CUST_00967,Small,Pro,6,99,5,17,5,1,5.0,1,True
CUST_00968,Small,Basic,11,29,1,16,2,1,5.0,1,True
CUST_00969,Small,Basic,2,29,17,1,6,0,4.0,0,True
CUST_00970,Medium,Enterprise,2,299,7,15,4,1,2.9,0,True
CUST_00971,Large,Pro,10,99,3,4,3,2,4.4,0,True
CUST_00972,Small,Basic,12,29,1,5,9,0,3.8,3,True
CUST_00973,Small,Basic,3,29,15,11,6,1,3.6,0,False
CUST_00974,Medium,Basic,3,29,24,11,1,0,4.7,0,True
CUST_00975,Small,Basic,3,29,8,7,1,0,3.1,0,False
CUST_00976,Small,Basic,13,29,7,7,8,2,2.1,0,True
CUST_00977,Small,Basic,9,29,0,13,6,3,4.1,1,False
CUST_00978,Small,Enterprise,5,299,8,10,1,0,3.3,0,True
CUST_00979,Small,Basic,7,29,1,7,1,0,5.0,0,False
CUST_00980,Small,Basic,5,29,2,2,9,2,2.6,0,True
CUST_00981,Small,Basic,4,29,0,6,10,0,4.2,0,False
CUST_00982,Large,Basic,16,29,3,8,1,3,3.0,0,False
CUST_00983,Small,Pro,2,99,5,6,6,0,4.3,0,False
CUST_00984,Medium,Basic,2,29,12,8,7,0,4.8,1,True
CUST_00985,Medium,Basic,26,29,0,12,2,1,3.6,1,True
CUST_00986,Large,Basic,10,29,8,10,3,0,4.8,0,True
CUST_00987,Medium,Basic,1,29,0,9,7,0,4.1,0,False
CUST_00988,Medium,Basic,15,29,0,9,3,1,3.9,0,False
CUST_00989,Large,Enterprise,11,299,17,5,3,0,4.6,1,False
CUST_00990,Medium,Enterprise,21,299,7,2,3,2,2.6,0,True
CUST_00991,Small,Basic,1,29,9,4,1,0,3.4,0,True
CUST_00992,Medium,Basic,3,29,9,6,3,1,4.9,0,False
CUST_00993,Small,Pro,19,99,2,8,10,1,3.3,0,False
CUST_00994,Small,Enterprise,1,299,8,13,1,0,3.4,0,True
CUST_00995,Small,Basic,4,29,8,6,4,0,4.7,0,True
CUST_00996,Small,Pro,1,99,1,0,1,1,5.0,1,False
CUST_00997,Small,Enterprise,11,299,16,18,3,0,4.2,0,True
CUST_00998,Small,Enterprise,1,299,5,4,3,0,3.4,0,False
CUST_00999,Small,Basic,6,29,15,5,4,3,3.9,1,True
CUST_01000,Small,Basic,12,29,1,2,4,2,2.2,0,True
CUST_01001,Small,Enterprise,1,299,5,9,1,2,5.0,0,True
CUST_01002,Small,Basic,4,29,3,3,7,2,4.3,0,False
CUST_01003,Medium,Pro,2,99,0,20,6,0,4.3,0,False
CUST_01004,Large,Pro,15,99,0,6,3,0,3.9,0,False
CUST_01005,Small,Pro,13,99,13,8,5,0,2.3,0,True
CUST_01006,Large,Basic,6,29,2,10,3,1,5.0,0,True
CUST_01007,Small,Pro,10,99,4,7,4,2,4.4,1,True
CUST_01008,Small,Enterprise,2,299,10,4,2,0,5.0,1,True
CUST_01009,Medium,Basic,5,29,0,7,1,3,4.7,0,True
CUST_01010,Medium,Pro,15,99,2,6,3,2,3.9,1,False
CUST_01011,Small,Enterprise,1,299,0,15,3,1,5.0,1,False
CUST_01012,Small,Basic,4,29,0,3,2,2,4.3,0,True
CUST_01013,Small,Pro,1,99,9,12,5,0,3.2,0,False
CUST_01014,Medium,Pro,1,99,3,4,4,0,5.0,0,True
CUST_01015,Small,Basic,2,29,2,6,8,0,3.7,0,False
CUST_01016,Small,Basic,1,29,4,9,3,1,3.2,1,False
CUST_01017,Small,Basic,3,29,1,3,1,0,3.7,0,True
CUST_01018,Small,Basic,4,29,20,12,2,3,4.3,0,False
CUST_01019,Medium,Pro,9,99,7,7,4,0,4.9,1,True
CUST_01020,Small,Pro,14,99,8,3,8,1,4.1,0,False
CUST_01021,Small,Pro,1,99,0,25,2,2,4.0,0,False
CUST_01022,Medium,Basic,7,29,4,12,8,2,3.8,0,False
CUST_01023,Small,Basic,1,29,27,4,2,1,4.6,0,True
CUST_01024,Small,Basic,14,29,2,13,2,2,4.5,0,False
CUST_01025,Small,Basic,10,29,7,7,1,1,4.8,0,False
CUST_01026,Medium,Basic,17,29,25,10,1,1,3.3,0,True
CUST_01027,Small,Basic,14,29,1,12,2,0,3.2,0,False
CUST_01028,Small,Basic,11,29,11,18,2,1,4.0,1,False
CUST_01029,Medium,Basic,2,29,2,7,1,1,4.0,0,True
CUST_01030,Small,Pro,4,99,3,7,1,1,3.6,0,False
CUST_01031,Small,Basic,4,29,2,12,8,0,5.0,0,False
CUST_01032,Large,Basic,4,29,3,23,4,0,5.0,0,False
CUST_01033,Large,Pro,11,99,2,7,3,0,4.7,0,False
CUST_01034,Medium,Basic,1,29,3,7,2,0,3.2,0,False
CUST_01035,Medium,Basic,5,29,9,8,2,3,3.8,0,False
CUST_01036,Small,Pro,9,99,5,14,3,2,2.8,1,True
CUST_01037,Small,Basic,8,29,0,2,1,1,4.6,0,True
CUST_01038,Medium,Pro,6,99,7,11,8,3,4.2,0,False
CUST_01039,Small,Pro,9,99,5,2,1,0,5.0,0,True
CUST_01040,Medium,Pro,3,99,3,5,4,1,4.1,0,False
CUST_01041,Small,Pro,1,99,2,14,3,0,4.5,0,False
CUST_01042,Small,Basic,1,29,2,11,1,1,4.0,0,True
CUST_01043,Small,Basic,4,29,0,13,4,2,2.1,0,False
CUST_01044,Small,Basic,2,29,12,9,7,2,4.5,0,True
CUST_01045,Small,Pro,16,99,2,4,7,0,4.4,0,False
CUST_01046,Medium,Basic,38,29,1,8,1,2,5.0,0,False
CUST_01047,Large,Basic,4,29,19,8,3,2,5.0,0,True
CUST_01048,Large,Pro,25,99,10,2,10,1,3.9,0,False
CUST_01049,Medium,Basic,14,29,1,12,9,2,3.4,0,False
CUST_01050,Small,Pro,8,99,17,7,1,1,1.9,0,True
CUST_01051,Small,Basic,2,29,1,4,3,2,2.9,0,False
CUST_01052,Small,Pro,4,99,2,5,4,0,4.4,0,False
CUST_01053,Small,Enterprise,7,299,2,2,6,2,4.8,0,False
CUST_01054,Medium,Basic,6,29,0,14,6,1,2.7,0,True
CUST_01055,Medium,Pro,7,99,0,6,2,1,4.5,1,True
CUST_01056,Large,Enterprise,9,299,3,3,3,0,4.7,0,False
CUST_01057,Medium,Basic,1,29,1,4,5,0,5.0,0,True
CUST_01058,Medium,Basic,10,29,11,8,5,2,3.0,0,False
CUST_01059,Small,Basic,22,29,7,7,7,0,3.3,0,False
CUST_01060,Small,Enterprise,1,299,2,1,2,1,5.0,1,True
CUST_01061,Small,Basic,11,29,10,11,8,0,3.4,0,False
CUST_01062,Large,Basic,1,29,0,8,2,2,5.0,0,False
CUST_01063,Medium,Pro,15,99,14,5,2,1,2.6,0,True
CUST_01064,Small,Basic,10,29,4,4,1,0,4.0,1,True
CUST_01065,Medium,Basic,9,29,1,9,3,1,3.9,0,False
CUST_01066,Small,Pro,23,99,0,8,5,2,3.6,0,False
CUST_01067,Medium,Basic,1,29,2,8,7,0,4.0,1,False
CUST_01068,Small,Pro,2,99,2,7,2,0,3.0,2,True
CUST_01069,Small,Enterprise,5,299,0,9,2,1,3.3,0,True
CUST_01070,Small,Pro,1,99,4,3,1,1,2.1,0,True
CUST_01071,Small,Basic,1,29,1,7,2,0,3.3,0,False
CUST_01072,Large,Basic,1,29,8,12,4,1,5.0,0,True
CUST_01073,Medium,Basic,15,29,2,9,1,3,3.1,0,False
CUST_01074,Medium,Pro,22,99,0,12,4,1,4.6,0,False
CUST_01075,Small,Basic,4,29,3,2,4,0,2.7,0,True
CUST_01076,Small,Enterprise,10,299,1,9,1,0,4.1,0,False
CUST_01077,Small,Basic,1,29,4,18,2,0,3.6,0,False
CUST_01078,Large,Basic,6,29,5,0,6,1,3.5,0,False
CUST_01079,Medium,Pro,1,99,3,9,2,3,2.5,0,True
CUST_01080,Small,Pro,17,99,1,12,3,1,2.4,0,False
CUST_01081,Medium,Basic,24,29,0,22,1,0,4.8,0,False
CUST_01082,Small,Pro,8,99,12,5,4,2,5.0,0,True
CUST_01083,Medium,Basic,1,29,0,5,7,1,3.3,0,False
CUST_01084,Large,Enterprise,15,299,12,19,1,3,4.5,0,True
CUST_01085,Medium,Enterprise,1,299,4,13,3,1,4.3,0,False
CUST_01086,Large,Pro,1,99,25,4,4,1,4.8,0,True
CUST_01087,Medium,Basic,17,29,1,4,1,1,4.5,1,True
CUST_01088,Medium,Pro,1,99,1,4,3,0,3.6,0,True
CUST_01089,Medium,Basic,5,29,5,14,8,2,3.4,1,True
CUST_01090,Small,Pro,1,99,9,7,3,2,4.1,1,False
CUST_01091,Small,Pro,3,99,0,6,3,0,4.5,0,False
CUST_01092,Small,Pro,2,99,8,7,5,1,3.0,1,False
CUST_01093,Small,Pro,2,99,1,9,4,0,5.0,0,False
CUST_01094,Small,Basic,5,29,2,15,1,2,4.8,1,False
CUST_01095,Small,Basic,12,29,0,2,3,1,2.8,0,True
CUST_01096,Small,Basic,6,29,1,8,4,1,4.5,0,False
CUST_01097,Small,Basic,14,29,5,21,8,0,4.7,0,False
CUST_01098,Small,Basic,1,29,6,11,3,0,5.0,0,False
CUST_01099,Large,Basic,3,29,5,12,3,1,2.7,0,True
CUST_01100,Small,Pro,25,99,5,11,2,1,2.6,0,False
CUST_01101,Large,Pro,5,99,0,7,1,0,1.8,1,False
CUST_01102,Medium,Basic,12,29,6,18,10,1,4.5,0,False
CUST_01103,Medium,Basic,4,29,1,6,6,1,4.9,0,False
CUST_01104,Small,Basic,1,29,0,14,2,3,3.4,0,True
CUST_01105,Medium,Basic,1,29,3,11,6,0,4.2,0,False
CUST_01106,Medium,Pro,11,99,14,3,2,0,3.5,0,True
CUST_01107,Medium,Pro,9,99,5,3,1,1,3.6,0,False
CUST_01108,Medium,Pro,2,99,1,11,6,2,4.9,0,False
CUST_01109,Medium,Enterprise,4,299,2,6,5,0,4.8,0,False
CUST_01110,Large,Basic,4,29,3,6,3,2,4.9,0,False
CUST_01111,Large,Pro,13,99,1,7,1,0,4.8,0,False
CUST_01112,Small,Basic,2,29,0,1,2,1,3.4,0,True
CUST_01113,Small,Pro,19,99,8,8,5,1,4.2,0,False
CUST_01114,Medium,Pro,21,99,0,9,2,1,4.2,1,False
CUST_01115,Small,Basic,1,29,2,1,2,0,2.6,0,True
CUST_01116,Small,Enterprise,1,299,9,16,1,1,5.0,0,True
CUST_01117,Medium,Pro,20,99,2,7,1,0,3.2,0,False
CUST_01118,Medium,Enterprise,8,299,3,11,7,0,5.0,0,False
CUST_01119,Large,Pro,8,99,1,7,4,0,2.2,0,False
CUST_01120,Medium,Basic,2,29,2,7,2,3,2.9,0,True
CUST_01121,Small,Basic,3,29,2,12,2,1,5.0,0,True
CUST_01122,Large,Basic,1,29,3,10,1,0,4.3,1,True
CUST_01123,Small,Pro,10,99,2,6,4,0,4.2,0,False
CUST_01124,Medium,Basic,1,29,1,10,1,1,2.9,0,True
CUST_01125,Large,Basic,22,29,11,7,2,0,4.5,0,False
CUST_01126,Medium,Basic,4,29,0,4,4,0,3.9,0,False
CUST_01127,Small,Enterprise,7,299,1,15,1,1,2.8,0,False
CUST_01128,Small,Basic,1,29,1,8,2,1,2.9,0,False
CUST_01129,Small,Basic,15,29,4,16,9,0,3.1,0,False
CUST_01130,Small,Basic,2,29,1,6,2,2,3.7,0,True
CUST_01131,Medium,Pro,17,99,13,15,2,0,4.0,1,True
CUST_01132,Small,Basic,17,29,0,6,3,0,3.8,0,False
CUST_01133,Small,Basic,6,29,1,14,9,0,4.0,0,False
CUST_01134,Small,Pro,11,99,3,5,3,1,2.8,0,True
CUST_01135,Small,Pro,17,99,0,17,10,2,4.1,0,False
CUST_01136,Large,Pro,8,99,3,14,1,2,5.0,0,False
CUST_01137,Small,Basic,5,29,0,11,2,1,2.5,0,True
CUST_01138,Small,Enterprise,1,299,3,21,3,2,3.1,1,True
CUST_01139,Large,Basic,11,29,3,12,4,0,5.0,1,False
CUST_01140,Small,Pro,20,99,0,17,4,3,3.6,0,False
CUST_01141,Small,Basic,1,29,5,7,3,3,3.8,0,True
CUST_01142,Medium,Basic,6,29,1,11,4,2,5.0,0,False
CUST_01143,Large,Basic,3,29,3,12,2,0,4.1,0,True
CUST_01144,Small,Pro,1,99,0,2,2,3,3.0,1,True
CUST_01145,Small,Basic,6,29,10,4,3,2,4.9,0,True
CUST_01146,Small,Pro,23,99,0,3,2,1,4.7,0,False
CUST_01147,Large,Basic,6,29,1,13,1,0,3.5,0,False
CUST_01148,Medium,Pro,3,99,2,7,7,1,4.9,2,False
CUST_01149,Small,Basic,1,29,9,10,1,1,3.6,1,True
CUST_01150,Medium,Basic,21,29,4,8,3,3,3.8,0,False
CUST_01151,Large,Basic,5,29,2,9,1,3,4.4,0,False
CUST_01152,Small,Enterprise,1,299,11,4,6,0,3.9,0,True
CUST_01153,Medium,Basic,1,29,3,12,9,0,3.0,0,False
CUST_01154,Small,Basic,1,29,27,6,3,1,4.2,0,False
CUST_01155,Large,Basic,9,29,2,12,4,1,4.2,0,False
CUST_01156,Small,Pro,2,99,7,7,8,2,4.5,1,True
CUST_01157,Small,Enterprise,5,299,5,5,1,2,5.0,0,False
CUST_01158,Small,Pro,19,99,0,4,1,1,4.9,2,False
CUST_01159,Small,Basic,1,29,6,9,4,3,2.9,0,True
CUST_01160,Small,Basic,10,29,6,4,7,0,3.0,0,False
CUST_01161,Small,Enterprise,5,299,20,8,1,0,5.0,0,False
CUST_01162,Small,Basic,3,29,5,6,1,1,3.2,0,True
CUST_01163,Small,Basic,23,29,0,7,10,0,5.0,0,False
CUST_01164,Small,Basic,2,29,1,3,4,2,4.1,0,True
CUST_01165,Small,Pro,18,99,1,11,6,2,4.0,0,False
CUST_01166,Large,Pro,10,99,2,3,5,1,4.7,0,False
CUST_01167,Small,Pro,13,99,1,2,7,1,5.0,0,True
CUST_01168,Small,Pro,1,99,13,9,3,1,5.0,0,False
CUST_01169,Small,Pro,1,99,5,12,3,1,3.2,0,False
CUST_01170,Small,Basic,13,29,0,6,2,1,3.9,0,False
CUST_01171,Large,Basic,34,29,1,5,2,0,2.9,0,True
CUST_01172,Small,Basic,17,29,1,12,8,1,2.8,0,False
CUST_01173,Small,Pro,5,99,10,5,5,0,4.0,0,False
CUST_01174,Medium,Basic,6,29,4,21,1,2,3.7,0,False
CUST_01175,Small,Pro,13,99,0,3,4,2,5.0,0,True
CUST_01176,Small,Basic,1,29,16,7,4,2,4.8,0,False
CUST_01177,Large,Basic,7,29,28,12,1,1,3.5,1,False
CUST_01178,Small,Basic,9,29,3,14,4,0,2.7,0,False
CUST_01179,Small,Pro,1,99,0,2,7,3,4.6,0,False
CUST_01180,Large,Basic,5,29,2,2,3,0,3.5,0,False
CUST_01181,Medium,Pro,4,99,11,4,2,1,5.0,0,True
CUST_01182,Small,Basic,4,29,3,14,2,2,3.1,0,True
CUST_01183,Small,Basic,22,29,10,6,3,0,4.0,0,True
CUST_01184,Large,Pro,2,99,0,12,4,1,2.7,0,True
CUST_01185,Small,Basic,21,29,4,21,2,0,4.6,0,False
CUST_01186,Small,Pro,3,99,7,10,2,1,5.0,0,False
CUST_01187,Large,Pro,5,99,6,10,6,1,4.0,0,False
CUST_01188,Small,Basic,3,29,4,12,6,0,4.2,0,True
CUST_01189,Small,Pro,15,99,12,17,7,3,4.2,0,False
CUST_01190,Medium,Basic,12,29,1,10,7,2,4.0,0,True
CUST_01191,Large,Basic,6,29,8,13,1,3,4.2,0,True
CUST_01192,Small,Pro,19,99,2,4,1,1,2.2,0,False
CUST_01193,Large,Basic,1,29,17,15,1,0,3.6,0,False
CUST_01194,Medium,Pro,14,99,7,11,3,3,3.8,0,False
CUST_01195,Medium,Pro,1,99,3,8,3,1,3.0,0,False
CUST_01196,Medium,Basic,6,29,9,5,4,0,4.3,0,False
CUST_01197,Medium,Pro,8,99,1,9,3,2,4.1,1,False
CUST_01198,Small,Basic,4,29,2,14,4,3,4.1,0,True
CUST_01199,Small,Basic,2,29,3,15,5,2,5.0,0,True
CUST_01200,Medium,Basic,1,29,8,13,7,2,3.8,0,False
CUST_01201,Large,Basic,1,29,11,3,3,0,4.4,0,True
CUST_01202,Small,Basic,25,29,8,4,4,2,3.8,0,False
CUST_01203,Small,Basic,1,29,0,7,1,2,3.1,0,True
CUST_01204,Small,Basic,16,29,14,6,1,3,3.6,1,True
CUST_01205,Medium,Pro,8,99,8,5,1,1,4.2,0,False
CUST_01206,Large,Basic,8,29,1,14,5,1,4.6,1,False
CUST_01207,Medium,Basic,3,29,1,6,7,3,5.0,1,False
CUST_01208,Small,Enterprise,10,299,13,10,7,1,4.3,0,False
CUST_01209,Small,Basic,1,29,7,5,4,0,4.4,0,False
CUST_01210,Small,Pro,5,99,8,8,4,0,3.6,0,False
CUST_01211,Large,Basic,1,29,4,9,1,2,4.0,0,False
CUST_01212,Large,Basic,13,29,4,11,3,0,5.0,0,False
CUST_01213,Small,Basic,3,29,6,13,10,3,3.4,0,False
CUST_01214,Large,Basic,9,29,16,12,2,0,3.8,1,True
CUST_01215,Small,Basic,11,29,6,7,5,1,4.5,1,True
CUST_01216,Small,Basic,6,29,1,8,1,1,3.6,0,False
CUST_01217,Medium,Basic,7,29,1,4,3,4,4.6,0,False
CUST_01218,Medium,Pro,2,99,2,8,7,2,4.5,0,False
CUST_01219,Medium,Basic,19,29,11,8,3,0,2.5,0,True
CUST_01220,Small,Pro,4,99,1,6,2,0,5.0,0,False
CUST_01221,Large,Basic,1,29,1,4,8,1,3.1,0,True
CUST_01222,Medium,Basic,3,29,0,8,8,1,3.3,0,False
CUST_01223,Small,Pro,7,99,2,9,5,1,4.1,0,False
CUST_01224,Medium,Basic,6,29,4,13,5,0,5.0,1,False
CUST_01225,Small,Basic,5,29,4,5,5,0,4.5,0,False
CUST_01226,Small,Basic,12,29,0,12,5,1,3.4,0,False
CUST_01227,Small,Basic,15,29,3,4,2,1,2.5,0,True
CUST_01228,Small,Basic,12,29,1,26,3,1,3.4,1,False
CUST_01229,Large,Pro,7,99,6,12,1,1,4.1,0,False
CUST_01230,Small,Basic,7,29,4,8,9,1,3.8,0,True
CUST_01231,Medium,Basic,5,29,8,13,6,2,3.3,1,False
CUST_01232,Small,Basic,1,29,0,13,7,1,5.0,0,True
CUST_01233,Medium,Pro,8,99,0,5,1,2,3.3,0,False
CUST_01234,Small,Pro,27,99,6,5,1,1,3.5,0,False
CUST_01235,Small,Pro,11,99,1,14,7,2,3.3,0,False
CUST_01236,Large,Pro,4,99,20,17,6,3,4.8,0,True
CUST_01237,Small,Basic,3,29,0,8,5,2,3.8,0,True
CUST_01238,Large,Basic,20,29,27,7,1,2,3.5,0,False
CUST_01239,Small,Basic,1,29,0,1,3,0,3.1,0,True
CUST_01240,Large,Basic,1,29,2,8,5,1,2.7,0,True
CUST_01241,Large,Basic,12,29,1,1,2,0,4.3,0,True
CUST_01242,Large,Pro,1,99,10,11,8,2,1.4,1,True
CUST_01243,Medium,Basic,7,29,3,9,2,1,3.1,1,True
CUST_01244,Small,Basic,8,29,14,10,5,1,4.1,0,False
CUST_01245,Small,Basic,10,29,11,8,6,3,3.9,0,False
CUST_01246,Medium,Enterprise,4,299,6,10,7,1,4.0,0,False
CUST_01247,Large,Basic,3,29,0,8,3,1,4.7,0,False
CUST_01248,Medium,Pro,20,99,22,17,3,0,3.0,0,True
CUST_01249,Medium,Basic,3,29,0,4,7,1,2.7,0,True
CUST_01250,Small,Pro,9,99,1,12,4,1,4.6,0,True
CUST_01251,Small,Basic,5,29,2,5,3,1,2.9,0,False
CUST_01252,Small,Basic,7,29,14,2,6,1,4.3,0,True
CUST_01253,Small,Basic,1,29,3,5,5,0,4.2,0,False
CUST_01254,Small,Basic,6,29,9,6,2,0,4.1,1,True
CUST_01255,Large,Enterprise,8,299,0,37,5,0,5.0,0,False
CUST_01256,Medium,Pro,1,99,4,14,9,0,4.0,0,False
CUST_01257,Small,Pro,9,99,7,4,1,0,3.0,0,True
CUST_01258,Large,Pro,1,99,2,9,4,0,3.9,1,True
CUST_01259,Medium,Pro,6,99,1,3,1,2,4.4,0,False
CUST_01260,Small,Basic,6,29,4,6,1,1,4.4,0,False
CUST_01261,Small,Basic,4,29,0,13,4,1,3.7,0,False
CUST_01262,Medium,Basic,1,29,2,4,1,2,4.3,0,True
CUST_01263,Small,Basic,11,29,2,11,6,0,5.0,0,False
CUST_01264,Small,Basic,2,29,1,4,1,2,4.7,0,False
CUST_01265,Small,Basic,7,29,1,2,2,0,3.9,0,True
CUST_01266,Small,Pro,15,99,1,7,5,0,2.9,0,True
CUST_01267,Small,Basic,8,29,1,0,1,1,4.7,0,False
CUST_01268,Small,Enterprise,2,299,3,10,6,2,3.6,0,False
CUST_01269,Medium,Pro,4,99,3,4,2,0,4.1,0,True
CUST_01270,Large,Enterprise,2,299,6,1,1,1,3.1,0,True
CUST_01271,Medium,Basic,6,29,1,17,3,3,3.3,1,True
CUST_01272,Small,Basic,18,29,0,9,2,1,4.7,0,True
CUST_01273,Medium,Enterprise,1,299,1,15,2,0,4.1,0,True
CUST_01274,Medium,Basic,1,29,2,11,3,0,5.0,1,False
CUST_01275,Small,Enterprise,16,299,5,16,1,0,5.0,0,False
CUST_01276,Medium,Basic,1,29,2,1,1,0,5.0,1,True
CUST_01277,Small,Basic,6,29,7,6,7,0,3.4,0,False
CUST_01278,Small,Basic,1,29,2,8,1,0,3.9,0,True
CUST_01279,Small,Pro,9,99,0,12,2,2,4.9,1,True
CUST_01280,Small,Pro,16,99,1,14,3,4,4.7,1,False
CUST_01281,Small,Basic,5,29,1,11,4,2,5.0,0,False
CUST_01282,Large,Basic,9,29,6,13,6,0,4.1,1,False
CUST_01283,Small,Basic,21,29,0,10,4,2,2.6,0,False
CUST_01284,Large,Enterprise,7,299,6,1,7,4,5.0,1,True
CUST_01285,Small,Pro,3,99,3,11,4,1,3.1,1,True
CUST_01286,Small,Basic,6,29,0,6,3,0,3.2,0,False
CUST_01287,Small,Basic,4,29,0,4,3,0,3.8,1,False
CUST_01288,Large,Enterprise,11,299,4,4,4,1,3.0,0,False
CUST_01289,Small,Basic,3,29,6,9,2,1,3.9,0,True
CUST_01290,Medium,Pro,10,99,11,5,2,1,3.1,0,False
CUST_01291,Medium,Pro,13,99,7,5,10,0,5.0,1,True
CUST_01292,Large,Enterprise,2,299,2,3,5,0,3.6,0,True
CUST_01293,Small,Basic,11,29,0,6,5,0,5.0,0,False
CUST_01294,Medium,Basic,17,29,4,12,1,1,5.0,0,False
CUST_01295,Small,Basic,9,29,2,11,4,1,4.2,0,False
CUST_01296,Small,Basic,7,29,6,5,2,0,3.6,0,True
CUST_01297,Small,Basic,2,29,5,4,1,0,4.2,0,True
CUST_01298,Small,Pro,1,99,0,14,1,0,5.0,0,True
CUST_01299,Small,Pro,1,99,2,9,5,0,5.0,0,True
CUST_01300,Medium,Enterprise,2,299,0,15,3,2,3.9,0,False
CUST_01301,Medium,Pro,1,99,15,12,5,0,5.0,1,True
CUST_01302,Medium,Pro,5,99,1,13,2,2,3.5,0,False
CUST_01303,Small,Basic,2,29,4,5,4,1,3.3,0,False
CUST_01304,Large,Pro,1,99,2,24,6,2,4.8,1,True
CUST_01305,Large,Pro,20,99,0,12,3,0,2.8,0,False
CUST_01306,Small,Basic,3,29,0,7,4,2,5.0,0,True
CUST_01307,Small,Enterprise,6,299,2,13,2,1,4.0,1,True
CUST_01308,Small,Pro,3,99,2,9,8,0,3.6,0,False
CUST_01309,Large,Enterprise,33,299,10,13,5,2,3.5,0,False
CUST_01310,Small,Basic,7,29,2,4,2,0,4.8,0,True
CUST_01311,Medium,Basic,12,29,2,12,1,1,4.4,0,True
CUST_01312,Medium,Pro,1,99,10,5,1,1,4.5,0,True
CUST_01313,Medium,Basic,1,29,2,15,7,2,4.1,0,True
CUST_01314,Medium,Basic,4,29,23,9,4,0,5.0,0,False
CUST_01315,Small,Basic,8,29,3,4,1,1,5.0,0,True
CUST_01316,Medium,Basic,4,29,3,13,3,1,2.6,0,True
CUST_01317,Small,Basic,24,29,1,5,1,1,3.4,0,False
CUST_01318,Small,Pro,5,99,0,6,5,2,5.0,0,False
CUST_01319,Large,Basic,17,29,9,3,2,3,3.2,0,True
CUST_01320,Large,Pro,11,99,5,9,2,1,3.1,0,False
CUST_01321,Small,Basic,3,29,1,5,4,0,4.9,0,False
CUST_01322,Small,Basic,3,29,7,15,1,0,2.8,0,True
CUST_01323,Medium,Pro,1,99,13,12,3,1,3.9,1,True
CUST_01324,Medium,Pro,4,99,3,5,4,2,4.9,0,False
CUST_01325,Medium,Basic,14,29,8,13,3,2,5.0,0,True
CUST_01326,Medium,Basic,2,29,15,11,5,3,3.9,0,True
CUST_01327,Medium,Pro,48,99,18,11,7,3,3.9,0,True
CUST_01328,Medium,Pro,1,99,0,9,2,0,5.0,0,True
CUST_01329,Small,Basic,15,29,2,10,1,0,5.0,0,True
CUST_01330,Small,Basic,13,29,17,16,2,1,4.3,0,True
CUST_01331,Large,Enterprise,12,299,20,20,3,3,2.5,1,True
CUST_01332,Large,Basic,5,29,1,10,1,0,4.4,0,True
CUST_01333,Small,Basic,8,29,0,5,1,2,3.2,0,False
CUST_01334,Medium,Pro,11,99,4,14,1,2,4.5,0,True
CUST_01335,Large,Enterprise,4,299,4,9,3,4,3.0,0,False
CUST_01336,Small,Pro,34,99,1,10,3,1,3.4,0,False
CUST_01337,Large,Basic,4,29,11,6,8,3,4.9,0,False
CUST_01338,Medium,Enterprise,1,299,2,8,6,3,3.9,0,False
CUST_01339,Small,Enterprise,3,299,2,3,1,1,4.1,0,False
CUST_01340,Small,Basic,1,29,2,5,4,0,5.0,0,False
CUST_01341,Medium,Basic,10,29,14,3,2,1,2.1,0,True
CUST_01342,Medium,Basic,5,29,2,12,3,1,4.1,0,False
CUST_01343,Medium,Enterprise,8,299,5,17,7,2,3.5,0,False
CUST_01344,Small,Basic,10,29,3,8,2,1,4.7,0,False
CUST_01345,Small,Basic,9,29,0,4,3,0,4.7,0,False
CUST_01346,Medium,Enterprise,1,299,11,3,6,1,4.4,0,True
CUST_01347,Small,Basic,1,29,0,13,1,0,5.0,0,False
CUST_01348,Small,Pro,8,99,6,9,3,3,3.1,0,True
CUST_01349,Large,Basic,15,29,0,7,1,1,2.6,0,True
CUST_01350,Medium,Basic,10,29,5,12,6,0,3.6,0,False
CUST_01351,Large,Basic,21,29,2,2,4,0,2.8,1,False
CUST_01352,Small,Basic,4,29,6,12,3,0,4.0,0,False
CUST_01353,Small,Basic,4,29,1,3,3,1,4.7,0,False
CUST_01354,Medium,Pro,18,99,2,4,2,0,1.5,0,False
CUST_01355,Small,Basic,15,29,3,3,5,1,3.5,1,False
CUST_01356,Small,Pro,1,99,1,2,4,0,4.6,0,True
CUST_01357,Small,Basic,2,29,2,9,3,1,4.1,0,False
CUST_01358,Small,Basic,1,29,4,6,3,4,4.7,0,False
CUST_01359,Small,Pro,2,99,0,3,6,0,5.0,0,True
CUST_01360,Large,Basic,20,29,3,5,4,0,3.1,0,False
CUST_01361,Medium,Basic,6,29,0,5,1,2,3.8,0,True
CUST_01362,Small,Basic,1,29,6,15,3,4,4.6,0,False
CUST_01363,Medium,Basic,9,29,19,4,4,0,2.0,0,False
CUST_01364,Small,Basic,11,29,15,7,4,2,2.9,1,True
CUST_01365,Small,Basic,38,29,6,8,1,1,3.5,0,False
CUST_01366,Small,Basic,6,29,6,30,3,1,4.5,3,False
CUST_01367,Medium,Pro,4,99,1,3,3,0,3.7,1,True
CUST_01368,Medium,Pro,11,99,3,6,1,1,1.8,0,True
CUST_01369,Large,Basic,8,29,6,11,7,4,5.0,0,False
CUST_01370,Medium,Pro,46,99,1,7,1,3,4.5,0,False
CUST_01371,Small,Enterprise,1,299,21,10,3,0,3.2,0,True
CUST_01372,Large,Basic,18,29,5,8,10,2,4.2,0,False
CUST_01373,Small,Pro,1,99,4,7,1,2,4.5,0,True
CUST_01374,Small,Enterprise,1,299,7,11,7,2,3.1,0,False
CUST_01375,Medium,Basic,18,29,3,10,3,2,4.2,0,False
CUST_01376,Small,Basic,10,29,3,19,5,0,4.1,0,False
CUST_01377,Small,Basic,3,29,3,1,4,2,3.7,1,True
CUST_01378,Small,Basic,4,29,2,10,3,1,3.7,0,False
CUST_01379,Large,Basic,6,29,0,17,2,1,2.5,0,True
CUST_01380,Medium,Basic,3,29,4,7,3,0,5.0,0,False
CUST_01381,Large,Basic,17,29,2,5,1,0,3.8,0,False
CUST_01382,Small,Basic,1,29,1,6,6,1,4.0,0,False
CUST_01383,Large,Pro,3,99,2,3,10,1,3.1,0,True
CUST_01384,Small,Pro,17,99,17,10,9,1,4.8,0,False
CUST_01385,Large,Pro,4,99,2,13,6,3,4.8,0,False
CUST_01386,Small,Pro,2,99,1,6,1,1,4.2,0,True
CUST_01387,Large,Pro,7,99,0,7,6,1,3.2,0,False
CUST_01388,Small,Basic,3,29,11,15,2,3,4.2,0,True
CUST_01389,Medium,Basic,3,29,1,7,10,0,4.7,1,False
CUST_01390,Medium,Basic,1,29,0,10,3,2,4.0,0,False
CUST_01391,Medium,Enterprise,3,299,11,18,1,0,4.0,0,True
CUST_01392,Medium,Basic,12,29,8,7,1,0,4.2,0,True
CUST_01393,Medium,Pro,8,99,2,0,3,0,2.6,0,False
CUST_01394,Medium,Basic,9,29,15,5,4,0,5.0,0,False
CUST_01395,Small,Basic,9,29,2,10,3,1,3.6,0,False
CUST_01396,Large,Pro,8,99,5,25,2,1,2.6,1,True
CUST_01397,Medium,Enterprise,1,299,3,1,1,0,5.0,0,True
CUST_01398,Medium,Basic,7,29,5,5,7,1,2.5,0,True
CUST_01399,Medium,Basic,1,29,3,8,1,1,3.3,0,False
CUST_01400,Medium,Basic,5,29,3,10,3,2,1.5,0,True
CUST_01401,Medium,Basic,17,29,5,9,5,1,4.1,1,True
CUST_01402,Medium,Pro,3,99,6,5,2,1,4.6,0,False
CUST_01403,Small,Pro,20,99,0,1,4,1,2.6,0,True
CUST_01404,Medium,Basic,1,29,11,12,3,0,3.0,0,False
CUST_01405,Medium,Basic,15,29,2,27,2,1,3.8,0,False
CUST_01406,Large,Basic,6,29,1,27,2,1,4.6,1,True
CUST_01407,Medium,Basic,3,29,13,13,4,1,4.0,0,True
CUST_01408,Large,Enterprise,6,299,7,3,3,0,4.0,0,False
CUST_01409,Small,Basic,1,29,3,12,1,4,3.2,0,False
CUST_01410,Medium,Pro,1,99,2,16,1,0,3.5,0,True
CUST_01411,Large,Pro,10,99,0,11,10,2,3.1,0,False
CUST_01412,Small,Basic,1,29,0,13,2,3,3.2,0,False
CUST_01413,Small,Basic,14,29,2,10,2,0,5.0,0,False
CUST_01414,Large,Basic,19,29,14,10,1,1,4.8,0,False
CUST_01415,Small,Basic,1,29,4,16,1,1,4.6,0,False
CUST_01416,Small,Enterprise,11,299,10,8,10,2,4.3,0,False
CUST_01417,Small,Pro,9,99,1,9,8,1,3.7,0,False
CUST_01418,Small,Pro,3,99,2,7,8,3,3.6,0,False
CUST_01419,Large,Basic,2,29,2,10,1,1,4.4,0,True
CUST_01420,Small,Basic,3,29,2,5,1,0,4.6,0,False
CUST_01421,Medium,Basic,1,29,0,6,2,1,2.5,1,True
CUST_01422,Medium,Pro,2,99,0,10,1,1,3.4,0,True
CUST_01423,Small,Pro,27,99,1,5,10,2,4.9,0,False
CUST_01424,Small,Basic,5,29,5,2,1,1,4.0,0,True
CUST_01425,Small,Pro,1,99,3,5,1,1,5.0,0,False
CUST_01426,Small,Enterprise,1,299,1,13,1,2,5.0,0,False
CUST_01427,Small,Basic,1,29,2,7,10,1,5.0,0,False
CUST_01428,Small,Basic,14,29,1,4,2,1,5.0,0,False
CUST_01429,Large,Basic,5,29,10,7,1,1,4.8,0,True
CUST_01430,Medium,Enterprise,8,299,7,2,1,3,3.0,1,True
CUST_01431,Small,Enterprise,8,299,12,6,1,0,4.0,0,True
CUST_01432,Small,Pro,8,99,5,15,2,2,3.7,0,False
CUST_01433,Small,Pro,8,99,4,0,1,0,2.8,0,True
CUST_01434,Medium,Enterprise,2,299,9,15,4,0,4.1,1,True
CUST_01435,Medium,Pro,2,99,0,4,1,3,3.0,0,True
CUST_01436,Medium,Basic,14,29,2,5,6,0,4.1,0,False
CUST_01437,Large,Basic,20,29,0,11,1,0,5.0,0,False
CUST_01438,Medium,Enterprise,12,299,1,4,1,0,4.3,0,True
CUST_01439,Large,Pro,2,99,2,12,5,1,4.6,0,False
CUST_01440,Medium,Pro,1,99,9,13,1,1,4.2,1,True
CUST_01441,Small,Enterprise,3,299,0,2,1,1,4.4,0,False
CUST_01442,Small,Basic,1,29,7,19,8,1,3.4,0,True
CUST_01443,Medium,Enterprise,31,299,1,14,1,2,5.0,0,False
CUST_01444,Medium,Enterprise,15,299,3,6,7,0,4.4,1,True
CUST_01445,Small,Basic,4,29,7,5,9,1,2.0,1,True
CUST_01446,Small,Basic,7,29,1,8,5,0,3.0,0,False
CUST_01447,Medium,Pro,3,99,14,7,1,2,2.2,0,True
CUST_01448,Medium,Basic,7,29,1,6,5,1,4.1,0,True
CUST_01449,Small,Basic,19,29,2,12,4,0,5.0,1,True
CUST_01450,Small,Basic,2,29,5,11,1,4,5.0,0,True
CUST_01451,Medium,Basic,4,29,3,17,2,0,3.8,0,False
CUST_01452,Small,Basic,3,29,0,16,2,0,5.0,0,False
CUST_01453,Small,Pro,3,99,2,6,1,0,4.7,0,False
CUST_01454,Medium,Enterprise,4,299,0,2,5,0,1.3,0,True
CUST_01455,Small,Basic,2,29,0,5,1,3,5.0,0,True
CUST_01456,Medium,Pro,1,99,18,2,3,0,5.0,0,True
CUST_01457,Small,Pro,8,99,0,4,3,1,3.7,2,True
CUST_01458,Small,Basic,4,29,7,19,1,0,4.1,0,False
CUST_01459,Medium,Pro,3,99,2,5,1,2,4.5,0,False
CUST_01460,Small,Pro,13,99,1,3,1,0,5.0,0,True
CUST_01461,Large,Basic,9,29,0,6,2,2,1.4,1,True
CUST_01462,Medium,Basic,1,29,8,3,8,1,3.6,1,True
CUST_01463,Small,Pro,7,99,5,5,6,0,4.5,0,False
CUST_01464,Small,Pro,1,99,2,5,2,1,4.9,0,True
CUST_01465,Small,Pro,13,99,0,17,1,1,3.5,0,False
CUST_01466,Medium,Pro,4,99,4,5,2,0,3.8,0,True
CUST_01467,Small,Basic,2,29,2,8,1,1,4.3,1,True
CUST_01468,Large,Pro,32,99,5,2,1,2,4.8,0,False
CUST_01469,Medium,Basic,6,29,11,7,2,0,2.4,0,True
CUST_01470,Small,Pro,5,99,9,9,3,2,4.0,1,True
CUST_01471,Small,Basic,6,29,3,9,1,3,3.3,1,True
CUST_01472,Small,Basic,18,29,4,14,1,3,3.3,0,False
CUST_01473,Small,Basic,21,29,8,6,4,2,3.2,0,False
CUST_01474,Large,Pro,1,99,0,12,6,1,4.5,0,False
CUST_01475,Medium,Enterprise,3,299,5,16,6,0,4.1,0,False
CUST_01476,Large,Pro,5,99,8,23,1,0,3.8,0,True
CUST_01477,Small,Enterprise,1,299,10,21,6,3,3.6,0,True
CUST_01478,Medium,Basic,1,29,10,3,3,0,2.5,0,True
CUST_01479,Large,Enterprise,3,299,3,14,3,1,5.0,0,False
CUST_01480,Medium,Basic,3,29,13,8,6,2,2.5,1,False
CUST_01481,Small,Pro,8,99,0,7,4,0,4.0,1,False
CUST_01482,Medium,Pro,21,99,7,2,1,2,3.8,0,False
CUST_01483,Medium,Pro,6,99,1,8,4,2,4.8,0,False
CUST_01484,Medium,Basic,1,29,2,2,3,3,3.4,0,False
CUST_01485,Small,Basic,2,29,18,9,10,1,4.9,0,False
CUST_01486,Medium,Enterprise,3,299,6,6,3,1,5.0,1,False
CUST_01487,Small,Pro,2,99,1,10,2,2,5.0,0,False
CUST_01488,Small,Basic,1,29,8,7,1,1,4.2,1,True
CUST_01489,Small,Pro,4,99,8,3,1,1,3.1,1,True
CUST_01490,Medium,Basic,14,29,8,17,1,0,3.6,0,True
CUST_01491,Small,Basic,1,29,7,10,5,3,5.0,0,False
CUST_01492,Small,Basic,1,29,4,27,1,2,2.8,0,True
CUST_01493,Medium,Basic,8,29,2,0,1,0,4.3,0,True
CUST_01494,Small,Basic,8,29,0,12,3,1,3.9,0,False
CUST_01495,Small,Basic,5,29,12,14,10,0,3.6,0,False
CUST_01496,Small,Basic,8,29,3,8,1,1,5.0,0,False
CUST_01497,Small,Basic,5,29,7,6,2,0,4.9,0,False
CUST_01498,Small,Basic,8,29,6,3,4,0,4.2,0,False
CUST_01499,Small,Pro,29,99,1,3,3,0,4.5,0,False
CUST_01500,Medium,Enterprise,1,299,0,8,2,0,2.5,1,False
CUST_01501,Medium,Basic,1,29,22,6,3,0,3.8,0,False
CUST_01502,Small,Basic,2,29,0,6,3,0,3.6,0,False
CUST_01503,Small,Pro,11,99,6,1,3,1,3.7,0,False
CUST_01504,Medium,Basic,1,29,2,19,5,0,5.0,1,True
CUST_01505,Large,Basic,1,29,0,4,1,2,3.9,0,True
CUST_01506,Small,Basic,14,29,2,11,3,0,4.5,0,False
CUST_01507,Medium,Basic,1,29,2,5,4,1,4.0,1,False
CUST_01508,Small,Pro,28,99,3,2,3,1,5.0,0,True
CUST_01509,Small,Pro,7,99,9,14,3,0,4.4,0,False
CUST_01510,Small,Basic,1,29,8,4,1,1,4.5,0,True
CUST_01511,Medium,Basic,1,29,14,10,6,2,4.1,0,True
CUST_01512,Medium,Basic,1,29,1,9,3,4,3.3,0,False
CUST_01513,Medium,Pro,1,99,0,4,4,1,2.8,0,False
CUST_01514,Large,Pro,6,99,1,10,3,0,3.4,0,False
CUST_01515,Medium,Basic,3,29,1,18,5,1,2.0,0,False
CUST_01516,Small,Basic,6,29,5,11,1,0,3.7,0,False
CUST_01517,Small,Pro,1,99,3,8,4,0,4.3,0,True
CUST_01518,Medium,Pro,6,99,6,8,1,3,3.7,0,False
CUST_01519,Small,Basic,1,29,29,11,8,1,4.2,0,False
CUST_01520,Small,Basic,6,29,2,1,2,2,3.9,0,False
CUST_01521,Medium,Basic,2,29,11,2,2,1,4.9,1,True
CUST_01522,Small,Pro,8,99,6,13,7,0,5.0,0,True
CUST_01523,Small,Pro,26,99,4,4,1,0,3.2,0,True
CUST_01524,Small,Pro,18,99,13,5,3,3,4.9,0,False
CUST_01525,Small,Enterprise,2,299,0,14,4,1,3.7,0,False
CUST_01526,Small,Basic,7,29,3,6,2,0,4.2,0,False
CUST_01527,Large,Basic,12,29,2,4,2,2,4.1,1,False
CUST_01528,Medium,Pro,13,99,3,11,10,0,2.3,0,True
CUST_01529,Large,Basic,11,29,0,5,8,2,5.0,0,False
CUST_01530,Small,Enterprise,7,299,3,20,1,0,4.5,0,False
CUST_01531,Medium,Basic,1,29,4,8,2,7,4.0,0,True
CUST_01532,Small,Pro,19,99,0,15,1,0,5.0,0,False
CUST_01533,Small,Basic,15,29,4,3,4,3,3.5,0,True
CUST_01534,Small,Basic,16,29,1,9,1,0,4.5,2,False
CUST_01535,Medium,Basic,8,29,5,11,1,0,3.6,0,False
CUST_01536,Small,Pro,22,99,5,4,2,2,1.8,1,True
CUST_01537,Medium,Basic,9,29,8,5,1,1,4.1,0,True
CUST_01538,Small,Enterprise,5,299,11,9,7,1,3.4,0,False
CUST_01539,Medium,Basic,14,29,0,5,5,1,2.0,0,False
CUST_01540,Small,Basic,8,29,12,10,3,1,4.3,0,False
CUST_01541,Small,Basic,1,29,1,14,2,0,2.2,0,True
CUST_01542,Medium,Basic,3,29,0,10,4,2,5.0,2,False
CUST_01543,Small,Basic,33,29,6,2,3,1,3.7,0,False
CUST_01544,Large,Enterprise,23,299,6,23,8,1,3.6,1,False
CUST_01545,Small,Enterprise,9,299,2,5,1,0,1.6,0,True
CUST_01546,Small,Basic,1,29,0,5,1,1,3.4,0,True
CUST_01547,Small,Basic,8,29,6,15,1,4,2.9,0,True
CUST_01548,Small,Pro,5,99,1,10,4,0,3.4,0,False
CUST_01549,Small,Pro,18,99,0,8,1,1,4.0,1,False
CUST_01550,Medium,Basic,5,29,1,18,5,1,5.0,1,False
CUST_01551,Medium,Enterprise,7,299,0,11,7,0,5.0,1,False
CUST_01552,Large,Pro,10,99,0,8,1,1,2.7,0,True
CUST_01553,Medium,Basic,2,29,8,14,2,2,5.0,0,False
CUST_01554,Small,Basic,10,29,1,2,2,0,5.0,0,True
CUST_01555,Small,Pro,15,99,0,12,1,0,5.0,1,False
CUST_01556,Medium,Basic,15,29,4,8,6,3,2.5,0,False
CUST_01557,Large,Basic,12,29,12,6,5,3,2.6,0,False
CUST_01558,Small,Basic,4,29,4,2,5,1,5.0,0,False
CUST_01559,Small,Basic,4,29,5,15,2,0,5.0,0,False
CUST_01560,Medium,Basic,8,29,11,16,4,1,5.0,0,False
CUST_01561,Large,Basic,10,29,2,1,1,1,4.9,0,False
CUST_01562,Small,Basic,9,29,21,8,4,1,4.8,0,True
CUST_01563,Medium,Basic,1,29,0,16,2,1,2.4,0,False
CUST_01564,Small,Basic,4,29,2,12,1,3,4.8,0,True
CUST_01565,Large,Basic,4,29,2,6,5,1,3.7,0,False
CUST_01566,Small,Enterprise,5,299,3,16,2,2,5.0,0,True
CUST_01567,Medium,Basic,10,29,0,12,3,0,3.3,0,False
CUST_01568,Small,Pro,20,99,18,6,5,1,3.9,0,False
CUST_01569,Medium,Basic,14,29,0,8,1,0,2.8,0,True
CUST_01570,Large,Basic,2,29,0,3,1,1,5.0,0,True
CUST_01571,Medium,Basic,1,29,3,4,2,1,2.6,0,True
CUST_01572,Small,Pro,8,99,2,1,2,1,4.8,0,True
CUST_01573,Small,Basic,2,29,1,7,2,0,3.1,0,True
CUST_01574,Small,Pro,8,99,0,2,1,1,4.4,2,True
CUST_01575,Medium,Enterprise,2,299,6,5,1,1,5.0,0,True
CUST_01576,Small,Basic,1,29,11,10,1,1,3.4,1,True
CUST_01577,Small,Basic,13,29,9,12,9,0,4.9,0,False
CUST_01578,Small,Pro,15,99,4,10,10,1,4.1,0,False
CUST_01579,Large,Basic,2,29,29,11,8,2,1.9,1,True
CUST_01580,Large,Basic,1,29,9,3,3,2,3.5,0,True
CUST_01581,Medium,Basic,3,29,9,12,3,1,4.1,0,False
CUST_01582,Small,Pro,4,99,5,7,1,1,5.0,0,True
CUST_01583,Large,Pro,1,99,2,14,1,1,2.4,0,True
CUST_01584,Small,Basic,11,29,0,9,4,0,5.0,1,False
CUST_01585,Small,Pro,1,99,10,10,7,1,4.0,0,False
CUST_01586,Large,Basic,4,29,0,11,1,0,4.0,0,True
CUST_01587,Small,Basic,17,29,0,6,1,1,4.4,0,True
CUST_01588,Medium,Basic,1,29,3,8,6,2,3.6,1,True
CUST_01589,Small,Basic,7,29,4,8,4,0,2.1,0,True
CUST_01590,Large,Pro,44,99,1,9,6,2,4.5,1,True
CUST_01591,Small,Basic,15,29,7,4,3,4,3.9,1,False
CUST_01592,Large,Basic,8,29,4,10,4,0,3.6,0,False
CUST_01593,Medium,Basic,12,29,0,2,4,3,4.2,1,True
CUST_01594,Medium,Pro,29,99,15,4,1,1,5.0,0,True
CUST_01595,Small,Basic,3,29,20,14,6,1,3.9,0,True
CUST_01596,Small,Basic,4,29,6,9,2,1,4.6,0,False
CUST_01597,Medium,Basic,9,29,12,8,2,4,4.4,0,True
CUST_01598,Small,Basic,10,29,3,11,5,1,4.2,1,False
CUST_01599,Medium,Basic,1,29,0,16,10,0,4.5,0,False
CUST_01600,Small,Basic,7,29,7,8,2,0,2.6,1,False
CUST_01601,Small,Basic,5,29,0,5,5,2,4.8,0,False
CUST_01602,Large,Pro,52,99,4,8,1,0,2.4,1,True
CUST_01603,Small,Basic,22,29,1,8,3,0,3.2,0,False
CUST_01604,Large,Pro,33,99,13,3,1,0,3.9,0,True
CUST_01605,Small,Pro,1,99,18,3,1,1,5.0,1,True
CUST_01606,Small,Basic,1,29,3,8,4,1,4.5,0,False
CUST_01607,Large,Pro,2,99,4,9,1,3,3.8,1,True
CUST_01608,Large,Basic,1,29,0,7,4,0,4.5,1,False
CUST_01609,Small,Pro,10,99,28,5,8,0,3.2,0,False
CUST_01610,Large,Basic,1,29,1,4,2,1,3.2,0,True
CUST_01611,Medium,Basic,1,29,1,7,1,0,2.8,0,False
CUST_01612,Medium,Basic,8,29,4,9,6,1,3.8,0,False
CUST_01613,Medium,Pro,34,99,5,9,3,2,4.0,0,False
CUST_01614,Small,Enterprise,3,299,9,6,3,0,3.7,0,False
CUST_01615,Small,Pro,24,99,5,5,5,0,4.9,1,False
CUST_01616,Small,Pro,2,99,0,8,8,1,3.0,0,False
CUST_01617,Small,Basic,5,29,3,3,1,1,3.9,0,True
CUST_01618,Medium,Basic,22,29,4,5,5,1,3.3,0,False
CUST_01619,Small,Pro,1,99,17,9,7,0,4.5,1,True
CUST_01620,Medium,Pro,1,99,1,2,7,0,4.4,0,True
CUST_01621,Small,Basic,1,29,3,4,7,1,4.3,0,False
CUST_01622,Medium,Pro,1,99,5,14,7,3,4.9,0,True
CUST_01623,Medium,Basic,11,29,1,14,1,2,4.3,0,True
CUST_01624,Large,Pro,1,99,2,14,1,3,4.8,1,True
CUST_01625,Small,Basic,1,29,3,10,10,4,4.0,0,True
CUST_01626,Small,Basic,7,29,1,3,8,0,4.9,0,False
CUST_01627,Medium,Basic,2,29,3,6,2,0,3.9,1,True
CUST_01628,Small,Basic,13,29,4,6,1,0,5.0,1,True
CUST_01629,Medium,Pro,10,99,8,11,1,1,4.8,0,False
CUST_01630,Small,Basic,3,29,0,4,5,0,5.0,0,True
CUST_01631,Large,Basic,22,29,23,8,6,0,3.3,0,False
CUST_01632,Small,Pro,10,99,0,4,1,2,3.6,0,True
CUST_01633,Small,Basic,11,29,7,5,5,0,4.5,0,False
CUST_01634,Small,Enterprise,10,299,1,19,5,2,4.1,0,False
CUST_01635,Medium,Basic,1,29,3,3,1,2,5.0,0,True
CUST_01636,Medium,Pro,7,99,7,7,4,0,5.0,0,False
CUST_01637,Small,Basic,18,29,1,6,10,1,3.4,0,False
CUST_01638,Small,Basic,8,29,8,11,6,0,5.0,0,False
CUST_01639,Medium,Basic,1,29,1,10,1,3,3.7,0,True
CUST_01640,Large,Basic,1,29,9,12,2,3,3.5,1,True
CUST_01641,Small,Basic,4,29,6,2,7,1,4.6,0,False
CUST_01642,Medium,Pro,1,99,4,13,6,1,3.1,0,False
CUST_01643,Medium,Basic,7,29,2,6,2,1,3.9,0,True
CUST_01644,Small,Basic,4,29,1,4,5,1,5.0,1,False
CUST_01645,Medium,Basic,18,29,3,4,4,0,1.7,0,True
CUST_01646,Small,Pro,4,99,2,7,1,1,3.3,0,True
CUST_01647,Medium,Basic,5,29,2,5,6,1,3.0,0,False
CUST_01648,Medium,Enterprise,1,299,3,19,1,0,3.9,0,True
CUST_01649,Medium,Enterprise,1,299,3,11,1,0,5.0,0,True
CUST_01650,Medium,Pro,1,99,0,8,4,0,5.0,0,False
CUST_01651,Small,Enterprise,6,299,0,11,3,0,5.0,1,False
CUST_01652,Small,Basic,2,29,0,9,1,0,5.0,0,False
CUST_01653,Small,Pro,1,99,0,14,7,1,4.4,0,True
CUST_01654,Medium,Pro,7,99,2,4,7,3,4.9,0,False
CUST_01655,Small,Basic,18,29,7,5,4,0,2.1,0,False
CUST_01656,Small,Basic,17,29,0,14,4,0,5.0,0,False
CUST_01657,Small,Enterprise,1,299,6,8,1,1,4.2,2,True
CUST_01658,Small,Enterprise,5,299,1,15,6,1,3.1,0,False
CUST_01659,Small,Basic,4,29,3,16,3,2,3.0,0,False
CUST_01660,Large,Basic,9,29,9,10,10,0,3.5,0,False
CUST_01661,Medium,Pro,1,99,3,7,2,1,5.0,0,True
CUST_01662,Small,Pro,28,99,8,4,3,1,4.1,0,True
CUST_01663,Small,Enterprise,1,299,18,4,7,0,4.7,0,True
CUST_01664,Small,Basic,1,29,6,11,2,2,4.5,0,False
CUST_01665,Small,Basic,4,29,7,8,2,0,3.5,0,False
CUST_01666,Medium,Pro,13,99,12,2,4,2,5.0,0,False
CUST_01667,Small,Basic,29,29,5,1,6,1,4.0,0,True
CUST_01668,Medium,Enterprise,5,299,9,3,10,0,3.3,0,True
CUST_01669,Large,Basic,19,29,0,4,1,3,5.0,2,False
CUST_01670,Small,Basic,1,29,1,2,1,2,4.1,0,False
CUST_01671,Small,Pro,27,99,2,3,6,4,5.0,0,True
CUST_01672,Large,Pro,4,99,4,3,5,0,4.0,0,False
CUST_01673,Small,Basic,5,29,4,5,1,0,4.6,0,False
CUST_01674,Small,Basic,8,29,4,7,6,1,3.9,0,False
CUST_01675,Medium,Basic,1,29,2,15,6,1,3.9,0,False
CUST_01676,Small,Enterprise,6,299,1,3,2,2,2.9,0,True
CUST_01677,Small,Basic,17,29,1,25,1,0,5.0,0,False
CUST_01678,Small,Pro,28,99,4,5,1,1,4.1,0,False
CUST_01679,Large,Basic,4,29,1,14,3,2,3.3,0,False
CUST_01680,Small,Pro,3,99,1,4,9,1,4.0,1,False
CUST_01681,Small,Enterprise,26,299,0,6,1,3,3.3,0,False
CUST_01682,Small,Basic,17,29,1,3,1,1,3.8,0,True
CUST_01683,Medium,Pro,12,99,15,6,8,0,3.0,0,True
CUST_01684,Small,Pro,21,99,4,4,1,0,4.0,0,True
CUST_01685,Small,Basic,2,29,25,4,1,1,2.9,0,True
CUST_01686,Small,Pro,2,99,6,5,10,0,2.3,1,True
CUST_01687,Large,Pro,4,99,0,3,3,1,3.5,0,False
CUST_01688,Medium,Basic,3,29,1,13,7,0,3.1,0,False
CUST_01689,Small,Basic,5,29,7,3,1,1,4.3,0,False
CUST_01690,Medium,Pro,11,99,19,10,3,0,3.3,0,True
CUST_01691,Medium,Pro,4,99,11,5,6,2,3.0,0,False
CUST_01692,Small,Enterprise,13,299,17,9,6,1,5.0,0,False
CUST_01693,Small,Basic,3,29,9,6,8,0,4.9,0,False
CUST_01694,Medium,Basic,16,29,0,15,1,1,3.6,0,False
CUST_01695,Small,Basic,3,29,4,13,10,1,3.8,0,False
CUST_01696,Medium,Basic,10,29,17,6,2,0,3.2,0,True
CUST_01697,Small,Pro,10,99,0,13,2,0,3.6,0,True
CUST_01698,Small,Basic,12,29,0,6,1,0,5.0,0,False
CUST_01699,Small,Basic,1,29,7,17,4,2,4.1,0,False
CUST_01700,Small,Pro,4,99,4,1,1,1,3.7,0,True
CUST_01701,Small,Enterprise,6,299,1,3,6,3,5.0,0,True
CUST_01702,Small,Basic,7,29,2,4,2,1,2.7,1,True
CUST_01703,Small,Pro,9,99,3,7,4,0,3.9,0,True
CUST_01704,Medium,Pro,1,99,1,4,1,1,3.4,0,True
CUST_01705,Medium,Enterprise,1,299,1,6,2,1,4.0,1,True
CUST_01706,Large,Basic,3,29,2,5,1,0,4.6,0,False
CUST_01707,Small,Basic,23,29,3,8,2,2,4.2,0,False
CUST_01708,Large,Basic,27,29,0,6,3,0,3.4,0,False
CUST_01709,Small,Pro,1,99,0,9,3,1,3.1,0,True
CUST_01710,Small,Pro,11,99,3,11,1,1,3.2,0,True
CUST_01711,Medium,Pro,6,99,0,16,5,1,3.3,0,False
CUST_01712,Medium,Basic,8,29,4,5,4,0,3.0,0,False
CUST_01713,Small,Enterprise,1,299,6,6,2,2,3.9,0,True
CUST_01714,Small,Pro,1,99,0,12,1,2,4.5,0,True
CUST_01715,Large,Basic,47,29,19,4,3,2,1.6,0,True
CUST_01716,Large,Basic,15,29,9,10,7,0,2.6,0,False
CUST_01717,Small,Pro,14,99,5,19,5,2,3.3,1,True
CUST_01718,Large,Pro,5,99,4,8,1,2,4.1,0,False
CUST_01719,Medium,Pro,1,99,9,7,4,0,5.0,0,True
CUST_01720,Small,Basic,1,29,1,14,4,1,3.9,0,True
CUST_01721,Small,Basic,6,29,7,16,1,1,4.5,0,True
CUST_01722,Large,Basic,6,29,2,14,5,2,4.2,0,False
CUST_01723,Small,Basic,1,29,2,6,9,0,4.1,0,True
CUST_01724,Small,Basic,3,29,4,5,8,1,3.6,0,False
CUST_01725,Medium,Basic,8,29,8,8,4,1,4.1,0,False
CUST_01726,Medium,Basic,4,29,1,4,7,0,2.7,0,True
CUST_01727,Small,Basic,4,29,7,9,5,0,3.0,0,False
CUST_01728,Medium,Pro,2,99,2,5,7,1,4.6,0,False
CUST_01729,Large,Basic,8,29,4,5,4,1,4.9,1,False
CUST_01730,Small,Pro,1,99,0,26,3,1,3.6,0,False
CUST_01731,Medium,Basic,2,29,0,3,5,2,4.5,2,True
CUST_01732,Medium,Basic,2,29,0,8,1,1,3.8,0,False
CUST_01733,Medium,Enterprise,48,299,18,2,2,2,4.1,0,False
CUST_01734,Small,Enterprise,13,299,6,2,1,2,4.6,0,True
CUST_01735,Small,Basic,2,29,0,26,1,0,3.7,0,True
CUST_01736,Small,Basic,2,29,7,6,2,0,2.9,0,True
CUST_01737,Small,Pro,9,99,4,10,1,1,5.0,0,False
CUST_01738,Medium,Basic,18,29,2,14,3,1,5.0,0,False
CUST_01739,Large,Enterprise,1,299,9,11,1,2,4.3,2,True
CUST_01740,Medium,Pro,7,99,2,12,1,0,3.2,0,False
CUST_01741,Medium,Enterprise,13,299,2,8,4,0,4.0,1,False
CUST_01742,Small,Basic,4,29,4,10,1,0,5.0,0,True
CUST_01743,Medium,Basic,8,29,13,11,7,0,3.7,1,True
CUST_01744,Large,Basic,9,29,9,3,3,1,3.8,1,False
CUST_01745,Small,Basic,5,29,0,12,2,0,4.1,1,True
CUST_01746,Large,Pro,1,99,6,5,3,1,5.0,0,False
CUST_01747,Large,Basic,4,29,3,11,3,1,5.0,0,True
CUST_01748,Small,Basic,1,29,8,20,3,1,3.3,0,False
CUST_01749,Small,Basic,2,29,3,7,1,0,3.5,0,True
CUST_01750,Medium,Pro,1,99,4,4,1,1,3.4,0,False
CUST_01751,Small,Basic,1,29,4,8,4,1,3.0,1,True
CUST_01752,Medium,Pro,2,99,2,17,6,0,4.7,2,True
CUST_01753,Small,Basic,15,29,7,5,5,0,3.2,0,False
CUST_01754,Medium,Basic,12,29,36,10,5,2,5.0,0,True
CUST_01755,Small,Basic,2,29,2,7,2,0,2.2,0,True
CUST_01756,Large,Basic,9,29,9,6,3,1,2.7,1,True
CUST_01757,Medium,Enterprise,8,299,1,5,2,1,4.7,1,True
CUST_01758,Small,Basic,10,29,6,15,2,0,4.2,0,False
CUST_01759,Large,Basic,9,29,2,8,2,2,4.4,0,False
CUST_01760,Medium,Basic,2,29,2,22,1,0,5.0,0,False
CUST_01761,Small,Pro,4,99,11,8,7,3,3.2,1,True
CUST_01762,Small,Basic,17,29,9,3,2,0,2.2,0,True
CUST_01763,Small,Pro,3,99,2,6,3,2,5.0,0,False
CUST_01764,Small,Basic,16,29,4,11,6,0,3.6,0,False
CUST_01765,Large,Basic,6,29,2,11,2,1,5.0,0,True
CUST_01766,Small,Basic,32,29,1,11,5,0,4.5,0,False
CUST_01767,Large,Basic,6,29,0,4,5,1,4.1,0,False
CUST_01768,Small,Basic,1,29,2,10,1,2,4.2,0,False
CUST_01769,Medium,Enterprise,2,299,3,11,1,0,3.9,0,False
CUST_01770,Medium,Basic,33,29,3,21,1,1,4.5,0,False
CUST_01771,Small,Basic,2,29,8,11,4,0,4.1,1,False
CUST_01772,Small,Enterprise,1,299,12,3,3,3,2.1,0,True
CUST_01773,Small,Pro,3,99,5,4,1,0,4.1,0,True
CUST_01774,Small,Pro,5,99,2,31,1,2,5.0,1,True
CUST_01775,Small,Pro,20,99,5,8,1,0,3.3,0,True
CUST_01776,Large,Basic,8,29,0,4,6,2,4.2,0,False
CUST_01777,Small,Basic,4,29,2,9,1,3,5.0,1,True
CUST_01778,Medium,Basic,1,29,0,5,1,1,3.0,0,True
CUST_01779,Large,Basic,22,29,1,4,3,1,2.3,0,False
CUST_01780,Large,Basic,2,29,1,10,5,1,3.5,0,False
CUST_01781,Large,Enterprise,9,299,7,18,4,1,5.0,0,False
CUST_01782,Small,Basic,5,29,11,8,2,1,4.2,0,False
CUST_01783,Small,Basic,19,29,0,6,10,0,4.0,0,False
CUST_01784,Medium,Enterprise,16,299,3,1,2,0,4.8,0,False
CUST_01785,Medium,Pro,1,99,0,11,3,0,5.0,1,True
CUST_01786,Small,Enterprise,1,299,0,19,7,2,4.1,0,False
CUST_01787,Medium,Basic,9,29,2,9,2,0,2.8,0,True
CUST_01788,Medium,Pro,36,99,8,4,5,2,4.5,0,False
CUST_01789,Medium,Basic,6,29,12,11,1,0,4.6,0,True
CUST_01790,Medium,Basic,5,29,0,11,7,1,2.8,0,False
CUST_01791,Small,Basic,8,29,7,7,6,2,3.4,0,False
CUST_01792,Medium,Basic,1,29,2,8,5,0,5.0,1,True
CUST_01793,Small,Basic,3,29,3,4,5,0,3.3,0,True
CUST_01794,Large,Pro,12,99,0,11,10,2,2.8,0,False
CUST_01795,Small,Basic,3,29,5,9,3,0,4.3,0,False
CUST_01796,Small,Basic,2,29,0,11,1,1,4.7,0,True
CUST_01797,Small,Pro,1,99,2,5,1,0,5.0,0,True
CUST_01798,Medium,Pro,4,99,6,6,3,1,3.6,0,False
CUST_01799,Small,Basic,4,29,3,5,2,0,4.1,0,True
CUST_01800,Medium,Basic,22,29,3,17,2,2,5.0,0,True
CUST_01801,Medium,Basic,2,29,1,6,4,1,4.7,0,False
CUST_01802,Small,Basic,5,29,5,15,2,1,5.0,0,False
CUST_01803,Small,Basic,1,29,21,10,4,0,4.8,1,True
CUST_01804,Medium,Basic,8,29,3,12,4,2,5.0,0,False
CUST_01805,Large,Basic,8,29,0,3,1,2,5.0,0,True
CUST_01806,Medium,Basic,7,29,1,12,2,3,5.0,0,True
CUST_01807,Small,Basic,11,29,1,2,1,1,2.9,0,True
CUST_01808,Large,Basic,13,29,6,12,7,0,4.7,0,False
CUST_01809,Small,Pro,14,99,0,12,5,2,4.7,0,False
CUST_01810,Small,Pro,2,99,0,6,2,0,4.0,0,True
CUST_01811,Medium,Basic,1,29,10,12,3,0,3.2,0,False
CUST_01812,Medium,Basic,26,29,1,2,5,0,3.7,0,False
CUST_01813,Medium,Basic,1,29,15,16,7,0,3.5,0,True
CUST_01814,Large,Basic,1,29,11,9,1,1,5.0,0,True
CUST_01815,Medium,Basic,8,29,5,12,1,0,4.3,1,True
CUST_01816,Small,Basic,18,29,11,8,2,2,3.8,0,True
CUST_01817,Medium,Basic,4,29,2,5,9,0,5.0,0,False
CUST_01818,Small,Basic,7,29,31,9,1,0,3.4,0,False
CUST_01819,Medium,Pro,6,99,10,6,3,0,3.8,0,False
CUST_01820,Medium,Basic,10,29,7,8,5,0,3.8,0,False
CUST_01821,Small,Basic,1,29,3,1,3,1,5.0,0,False
CUST_01822,Small,Pro,9,99,1,0,4,3,3.6,0,False
CUST_01823,Large,Enterprise,1,299,9,2,8,4,3.8,0,True
CUST_01824,Small,Basic,13,29,1,7,1,1,3.9,0,False
CUST_01825,Small,Basic,9,29,19,22,1,0,3.5,0,True
CUST_01826,Small,Basic,3,29,9,10,3,0,4.4,0,False
CUST_01827,Medium,Basic,12,29,3,21,10,1,4.8,0,True
CUST_01828,Small,Basic,3,29,11,6,1,0,3.4,1,True
CUST_01829,Small,Basic,1,29,7,5,1,0,5.0,0,False
CUST_01830,Small,Pro,15,99,0,15,1,2,4.1,1,False
CUST_01831,Small,Pro,8,99,2,13,4,1,5.0,0,True
CUST_01832,Large,Basic,3,29,1,7,4,0,3.7,0,False
CUST_01833,Medium,Basic,1,29,14,15,2,1,4.4,1,True
CUST_01834,Medium,Basic,3,29,6,4,1,1,4.1,0,False
CUST_01835,Small,Basic,17,29,5,21,1,1,3.1,0,False
CUST_01836,Medium,Basic,5,29,5,2,3,0,5.0,1,True
CUST_01837,Small,Pro,4,99,6,6,3,0,5.0,0,False
CUST_01838,Medium,Basic,28,29,1,7,1,1,1.7,1,True
CUST_01839,Small,Enterprise,1,299,1,12,4,1,3.5,0,False
CUST_01840,Medium,Pro,1,99,7,10,1,2,5.0,0,True
CUST_01841,Small,Basic,34,29,1,5,2,0,4.8,0,False
CUST_01842,Small,Pro,1,99,5,8,2,0,3.0,0,False
CUST_01843,Large,Pro,7,99,3,10,8,0,3.2,0,False
CUST_01844,Medium,Enterprise,1,299,2,9,8,0,4.7,0,False
CUST_01845,Small,Basic,4,29,20,10,5,1,5.0,0,True
CUST_01846,Small,Basic,2,29,2,6,4,1,4.6,0,True
CUST_01847,Large,Basic,10,29,2,7,5,0,4.7,0,False
CUST_01848,Small,Basic,1,29,16,8,1,1,5.0,1,True
CUST_01849,Medium,Basic,3,29,15,14,5,0,1.7,0,True
CUST_01850,Small,Pro,1,99,0,7,2,1,4.2,0,False
CUST_01851,Medium,Basic,7,29,4,6,1,2,3.9,1,True
CUST_01852,Small,Basic,2,29,0,4,1,1,5.0,0,True
CUST_01853,Small,Basic,6,29,1,4,1,1,5.0,0,False
CUST_01854,Large,Pro,24,99,1,5,4,0,4.9,0,False
CUST_01855,Small,Pro,1,99,5,7,5,2,3.8,0,False
CUST_01856,Medium,Enterprise,5,299,5,8,2,0,4.6,1,True
CUST_01857,Medium,Basic,1,29,1,18,5,1,3.9,0,True
CUST_01858,Medium,Basic,6,29,2,3,3,0,3.4,0,False
CUST_01859,Small,Basic,5,29,5,18,5,0,4.5,0,True
CUST_01860,Small,Basic,3,29,3,9,1,0,3.5,0,False
CUST_01861,Small,Enterprise,5,299,3,16,1,0,3.8,0,False
CUST_01862,Small,Basic,1,29,5,10,5,2,5.0,0,False
CUST_01863,Small,Pro,2,99,4,11,2,3,4.3,0,False
CUST_01864,Small,Basic,5,29,6,14,1,1,5.0,0,False
CUST_01865,Small,Basic,1,29,7,3,1,2,5.0,0,True
CUST_01866,Large,Pro,8,99,0,13,7,2,4.2,1,False
CUST_01867,Small,Pro,1,99,7,6,1,0,3.5,0,False
CUST_01868,Medium,Basic,3,29,18,7,1,1,5.0,0,True
CUST_01869,Small,Basic,6,29,0,6,1,1,3.4,0,True
CUST_01870,Large,Basic,6,29,1,1,1,2,5.0,0,True
CUST_01871,Medium,Basic,4,29,9,13,1,1,2.3,0,False
CUST_01872,Small,Basic,3,29,1,12,1,0,3.1,0,False
CUST_01873,Small,Basic,1,29,3,9,4,1,3.3,0,True
CUST_01874,Large,Enterprise,1,299,4,4,9,0,2.7,0,True
CUST_01875,Small,Basic,4,29,3,5,8,1,4.9,0,False
CUST_01876,Small,Basic,1,29,2,5,4,0,5.0,0,False
CUST_01877,Small,Enterprise,1,299,21,6,7,0,4.2,0,True
CUST_01878,Small,Basic,5,29,2,1,4,2,4.8,0,False
CUST_01879,Small,Basic,1,29,0,6,8,0,4.7,0,False
CUST_01880,Small,Enterprise,1,299,3,2,2,3,3.5,0,True
CUST_01881,Large,Basic,3,29,6,3,4,1,4.8,0,True
CUST_01882,Small,Pro,5,99,0,17,1,0,3.2,1,True
CUST_01883,Large,Pro,3,99,11,4,5,1,3.7,0,True
CUST_01884,Large,Basic,4,29,6,6,1,2,3.8,0,False
CUST_01885,Large,Basic,10,29,2,15,3,0,5.0,0,False
CUST_01886,Small,Pro,1,99,6,3,7,0,5.0,0,False
CUST_01887,Large,Basic,3,29,0,18,2,0,4.6,0,True
CUST_01888,Medium,Pro,19,99,2,7,5,1,3.9,0,False
CUST_01889,Small,Basic,9,29,2,10,5,0,5.0,1,False
CUST_01890,Medium,Basic,5,29,6,3,4,1,4.4,1,False
CUST_01891,Small,Pro,1,99,1,14,1,0,3.9,0,False
CUST_01892,Small,Basic,5,29,2,8,4,3,3.8,0,False
CUST_01893,Small,Pro,10,99,0,27,7,1,4.4,1,False
CUST_01894,Small,Basic,1,29,10,17,1,4,3.6,0,True
CUST_01895,Small,Pro,25,99,10,6,2,0,4.9,0,True
CUST_01896,Large,Pro,1,99,6,15,2,0,4.4,0,False
CUST_01897,Small,Basic,17,29,5,3,3,3,3.7,0,False
CUST_01898,Small,Basic,2,29,5,8,1,1,1.7,1,True
CUST_01899,Small,Basic,1,29,0,2,2,0,3.9,0,True
CUST_01900,Small,Pro,7,99,13,6,1,0,3.9,0,True
CUST_01901,Medium,Enterprise,23,299,0,12,2,3,5.0,0,False
CUST_01902,Medium,Enterprise,7,299,2,1,9,1,3.8,1,True
CUST_01903,Small,Basic,3,29,1,3,8,1,2.4,1,True
CUST_01904,Small,Basic,3,29,4,23,7,1,2.8,0,False
CUST_01905,Large,Basic,4,29,4,20,3,0,5.0,0,False
CUST_01906,Medium,Pro,1,99,4,3,2,1,2.4,0,False
CUST_01907,Large,Basic,16,29,15,7,1,1,3.4,0,False
CUST_01908,Small,Basic,19,29,0,9,7,0,4.6,0,False
CUST_01909,Medium,Basic,1,29,12,6,5,0,5.0,0,True
CUST_01910,Medium,Pro,3,99,5,4,1,3,4.5,0,False
CUST_01911,Small,Basic,7,29,8,8,2,2,4.6,0,False
CUST_01912,Medium,Basic,7,29,3,3,6,1,3.9,0,True
CUST_01913,Medium,Basic,2,29,6,5,1,1,5.0,1,False
CUST_01914,Medium,Pro,6,99,7,6,3,1,3.9,0,False
CUST_01915,Medium,Basic,3,29,1,13,1,1,4.2,0,False
CUST_01916,Small,Pro,1,99,1,5,1,1,4.7,0,True
CUST_01917,Small,Pro,6,99,1,11,2,1,4.1,0,False
CUST_01918,Small,Basic,21,29,10,10,7,2,3.3,0,False
CUST_01919,Large,Basic,16,29,0,7,3,2,4.7,0,False
CUST_01920,Large,Pro,3,99,1,10,2,1,4.6,1,True
CUST_01921,Small,Enterprise,11,299,12,4,5,2,5.0,0,True
CUST_01922,Small,Enterprise,13,299,0,5,6,1,4.3,0,False
CUST_01923,Small,Basic,2,29,17,4,1,2,5.0,1,True
CUST_01924,Small,Basic,11,29,0,5,1,1,1.6,0,True
CUST_01925,Small,Basic,7,29,3,10,9,1,3.5,0,True
CUST_01926,Small,Basic,27,29,10,3,1,1,4.0,0,False
CUST_01927,Medium,Pro,15,99,6,8,1,2,3.1,1,True
CUST_01928,Medium,Pro,11,99,4,4,4,4,4.2,0,True
CUST_01929,Medium,Basic,5,29,4,11,3,2,5.0,0,False
CUST_01930,Medium,Basic,4,29,3,15,4,2,4.1,0,False
CUST_01931,Medium,Basic,12,29,3,6,1,0,4.1,0,False
CUST_01932,Small,Basic,1,29,11,18,4,0,4.1,2,True
CUST_01933,Medium,Basic,6,29,1,7,6,1,4.4,0,False
CUST_01934,Small,Basic,9,29,2,3,3,2,5.0,0,False
CUST_01935,Small,Basic,4,29,7,9,2,2,5.0,0,True
CUST_01936,Small,Basic,1,29,8,7,3,0,3.3,0,True
CUST_01937,Large,Basic,5,29,1,9,1,1,3.9,0,False
CUST_01938,Small,Basic,7,29,2,7,4,0,3.5,0,False
CUST_01939,Medium,Basic,1,29,1,7,2,0,3.5,0,True
CUST_01940,Small,Enterprise,1,299,4,16,3,2,3.2,0,False
CUST_01941,Medium,Pro,1,99,0,10,3,6,4.2,0,False
CUST_01942,Small,Basic,17,29,2,11,3,0,2.1,1,True
CUST_01943,Large,Enterprise,2,299,0,17,3,2,3.1,0,False
CUST_01944,Medium,Basic,6,29,6,15,4,0,3.3,0,False
CUST_01945,Small,Basic,1,29,0,11,3,0,2.9,0,True
CUST_01946,Small,Basic,3,29,9,9,4,0,5.0,1,False
CUST_01947,Medium,Basic,2,29,2,7,4,1,4.8,0,False
CUST_01948,Small,Basic,20,29,4,7,3,0,3.8,0,False
CUST_01949,Medium,Basic,12,29,3,9,3,0,5.0,0,False
CUST_01950,Medium,Pro,1,99,1,16,4,0,3.2,1,False
CUST_01951,Large,Pro,5,99,19,12,9,0,3.7,1,True
CUST_01952,Medium,Basic,5,29,2,5,1,2,3.7,0,False
CUST_01953,Medium,Basic,14,29,19,9,1,1,4.7,0,True
CUST_01954,Small,Pro,12,99,3,11,3,2,5.0,0,False
CUST_01955,Medium,Basic,3,29,19,9,1,1,2.7,1,True
CUST_01956,Small,Pro,1,99,2,3,2,0,4.3,1,True
CUST_01957,Small,Basic,1,29,4,7,4,1,3.3,0,False
CUST_01958,Small,Basic,1,29,1,1,10,1,5.0,0,True
CUST_01959,Medium,Basic,10,29,3,20,2,2,4.1,0,False
CUST_01960,Large,Basic,1,29,1,2,1,0,4.7,0,True
CUST_01961,Large,Pro,1,99,13,15,1,3,5.0,0,True
CUST_01962,Small,Pro,25,99,2,2,4,2,4.3,0,False
CUST_01963,Medium,Basic,11,29,1,5,2,0,5.0,0,True
CUST_01964,Medium,Basic,4,29,6,16,1,1,3.6,0,False
CUST_01965,Small,Basic,14,29,9,2,1,0,3.3,0,True
CUST_01966,Medium,Basic,1,29,2,2,1,1,3.5,0,True
CUST_01967,Small,Basic,8,29,0,4,1,3,2.2,0,True
CUST_01968,Small,Basic,21,29,2,3,1,0,5.0,0,False
CUST_01969,Medium,Basic,2,29,0,8,5,2,4.5,0,True
CUST_01970,Medium,Basic,1,29,5,4,2,0,3.1,1,True
CUST_01971,Small,Basic,7,29,2,13,2,0,3.4,1,False
CUST_01972,Medium,Basic,6,29,2,4,3,1,4.9,0,True
CUST_01973,Medium,Pro,6,99,0,9,2,0,3.9,1,True
CUST_01974,Small,Basic,2,29,7,7,1,0,2.9,0,True
CUST_01975,Small,Pro,5,99,2,9,2,1,5.0,0,False
CUST_01976,Medium,Basic,7,29,11,11,4,3,3.4,0,False
CUST_01977,Small,Basic,4,29,1,4,2,1,4.2,0,False
CUST_01978,Small,Basic,9,29,5,9,1,3,4.4,0,True
CUST_01979,Small,Basic,4,29,11,10,5,1,5.0,0,False
CUST_01980,Small,Basic,9,29,6,4,10,4,3.7,0,True
CUST_01981,Medium,Pro,7,99,2,5,1,1,2.7,0,True
CUST_01982,Medium,Enterprise,12,299,1,8,2,1,3.6,0,True
CUST_01983,Small,Basic,1,29,2,13,1,1,4.0,0,True
CUST_01984,Large,Pro,3,99,4,7,4,2,4.8,0,False
CUST_01985,Large,Basic,31,29,1,1,1,1,5.0,0,False
CUST_01986,Large,Basic,11,29,1,8,9,0,4.8,1,True
CUST_01987,Small,Basic,3,29,3,2,3,1,2.6,0,True
CUST_01988,Small,Basic,5,29,1,6,10,2,3.0,1,False
CUST_01989,Large,Basic,3,29,15,2,8,0,5.0,1,False
CUST_01990,Small,Basic,1,29,2,17,5,0,3.4,0,False
CUST_01991,Small,Pro,9,99,2,5,2,3,2.9,0,True
CUST_01992,Large,Basic,4,29,11,6,1,3,2.9,0,True
CUST_01993,Small,Pro,7,99,3,5,9,0,3.1,0,False
CUST_01994,Small,Basic,2,29,4,5,6,0,2.4,0,True
CUST_01995,Small,Basic,2,29,8,27,5,3,3.2,0,True
CUST_01996,Large,Basic,8,29,1,8,5,3,3.4,0,False
CUST_01997,Small,Basic,6,29,1,10,1,1,3.5,0,False
CUST_01998,Small,Basic,1,29,9,9,4,1,4.1,1,True
CUST_01999,Small,Pro,10,99,1,3,10,0,1.9,0,True
CUST_02000,Large,Basic,1,29,4,8,3,0,3.6,0,True
CUST_02001,Large,Basic,1,29,16,5,1,1,4.3,0,True
CUST_02002,Small,Pro,2,99,1,5,4,1,3.0,0,True
CUST_02003,Large,Enterprise,2,299,5,5,5,2,3.7,0,False
CUST_02004,Medium,Basic,7,29,0,6,1,1,4.2,1,True
CUST_02005,Small,Pro,2,99,8,5,2,0,2.5,0,True
CUST_02006,Small,Basic,1,29,2,8,5,1,2.6,0,True
CUST_02007,Medium,Basic,3,29,7,9,2,0,2.5,2,True
CUST_02008,Medium,Basic,1,29,22,3,2,1,3.6,0,True
CUST_02009,Small,Basic,17,29,1,4,7,2,4.8,0,False
CUST_02010,Small,Pro,5,99,0,3,1,1,3.7,1,True
CUST_02011,Medium,Basic,7,29,1,13,6,0,3.0,0,False
CUST_02012,Medium,Basic,2,29,8,6,2,1,3.9,0,True
CUST_02013,Small,Pro,4,99,5,2,3,2,3.1,1,True
CUST_02014,Small,Basic,7,29,3,6,1,1,2.4,1,True
CUST_02015,Small,Enterprise,1,299,1,8,4,1,3.3,0,False
CUST_02016,Medium,Pro,24,99,1,5,3,0,5.0,0,False
CUST_02017,Small,Basic,3,29,2,8,5,0,4.6,0,False
CUST_02018,Medium,Basic,3,29,1,7,2,2,3.7,0,False
CUST_02019,Medium,Basic,2,29,2,11,2,2,3.7,0,True
CUST_02020,Small,Basic,13,29,2,2,10,0,3.5,0,False
CUST_02021,Medium,Basic,2,29,2,8,6,1,5.0,1,False
CUST_02022,Large,Basic,14,29,12,10,1,1,5.0,0,False
CUST_02023,Small,Basic,7,29,2,2,1,1,4.4,1,True
CUST_02024,Medium,Pro,11,99,3,7,10,0,3.5,0,False
CUST_02025,Small,Basic,11,29,2,7,1,1,3.2,0,False
CUST_02026,Small,Basic,1,29,0,9,1,0,4.3,0,True
CUST_02027,Small,Basic,12,29,3,10,3,0,4.0,0,False
CUST_02028,Medium,Pro,9,99,1,2,1,1,4.2,0,True
CUST_02029,Large,Pro,1,99,3,20,5,1,3.9,0,True
CUST_02030,Large,Basic,12,29,8,9,1,1,4.2,0,True
CUST_02031,Medium,Basic,1,29,6,10,1,1,3.1,0,False
CUST_02032,Medium,Basic,1,29,8,9,4,0,5.0,0,False
CUST_02033,Medium,Basic,5,29,5,23,2,1,4.0,0,True
CUST_02034,Medium,Pro,13,99,5,16,2,1,3.3,0,False
CUST_02035,Small,Basic,13,29,1,6,4,1,4.2,0,False
CUST_02036,Small,Pro,1,99,5,17,2,1,4.3,0,True
CUST_02037,Medium,Pro,3,99,8,9,1,1,5.0,0,False
CUST_02038,Small,Basic,6,29,4,6,5,2,3.5,1,False
CUST_02039,Small,Basic,27,29,1,4,3,0,4.0,0,True
CUST_02040,Large,Basic,6,29,2,9,8,2,5.0,0,False
CUST_02041,Small,Basic,3,29,3,8,1,1,2.7,1,True
CUST_02042,Medium,Basic,10,29,2,8,4,0,3.3,0,False
CUST_02043,Small,Basic,13,29,3,20,3,2,3.6,0,False
CUST_02044,Medium,Pro,1,99,4,5,3,0,2.7,0,True
CUST_02045,Medium,Basic,47,29,2,18,1,1,4.7,0,True
CUST_02046,Large,Pro,3,99,0,4,1,1,3.4,0,False
CUST_02047,Medium,Basic,16,29,8,6,4,1,5.0,0,False
CUST_02048,Medium,Enterprise,3,299,5,16,7,0,1.5,0,False
CUST_02049,Medium,Enterprise,4,299,4,3,1,3,4.4,0,True
CUST_02050,Small,Basic,19,29,1,1,6,1,4.7,0,True
CUST_02051,Medium,Pro,1,99,1,4,2,1,4.0,1,True
CUST_02052,Large,Basic,2,29,5,1,5,0,4.9,0,True
CUST_02053,Small,Basic,1,29,1,16,8,5,4.3,0,False
CUST_02054,Medium,Basic,9,29,2,1,5,2,3.8,1,True
CUST_02055,Medium,Pro,4,99,5,10,6,1,2.7,0,True
CUST_02056,Small,Basic,8,29,16,10,5,0,5.0,0,True
CUST_02057,Small,Basic,1,29,4,6,6,2,5.0,0,False
CUST_02058,Small,Basic,4,29,4,4,10,0,3.7,0,False
CUST_02059,Small,Basic,6,29,1,5,3,1,4.9,0,True
CUST_02060,Large,Basic,1,29,0,13,6,0,5.0,1,False
CUST_02061,Small,Pro,8,99,8,14,9,1,5.0,0,True
CUST_02062,Medium,Pro,49,99,2,10,3,2,3.7,1,True
CUST_02063,Small,Basic,5,29,5,9,1,2,5.0,0,False
CUST_02064,Small,Basic,6,29,1,10,2,2,4.4,0,False
CUST_02065,Medium,Basic,5,29,5,12,6,1,5.0,0,False
CUST_02066,Small,Enterprise,1,299,1,3,1,0,5.0,1,True
CUST_02067,Medium,Basic,2,29,8,3,2,1,2.8,0,False
CUST_02068,Medium,Pro,11,99,5,7,3,0,5.0,1,False
CUST_02069,Large,Basic,1,29,1,6,2,2,3.1,1,True
CUST_02070,Large,Basic,1,29,3,11,4,2,3.6,0,False
CUST_02071,Medium,Basic,1,29,1,17,1,2,4.9,0,False
CUST_02072,Small,Enterprise,2,299,1,10,6,1,4.4,1,False
CUST_02073,Large,Basic,20,29,3,12,2,1,5.0,0,True
CUST_02074,Large,Basic,4,29,14,9,5,0,4.0,0,False
CUST_02075,Small,Basic,6,29,8,7,1,1,3.7,0,False
CUST_02076,Medium,Basic,1,29,0,22,2,1,5.0,0,True
CUST_02077,Large,Basic,2,29,6,7,2,0,4.5,0,True
CUST_02078,Medium,Basic,1,29,2,7,2,0,4.0,0,True
CUST_02079,Small,Basic,6,29,6,5,1,0,1.5,0,True
CUST_02080,Medium,Basic,10,29,4,10,4,0,4.9,0,False
CUST_02081,Large,Basic,1,29,14,4,5,0,3.4,0,True
CUST_02082,Small,Basic,1,29,4,13,1,2,4.8,0,False
CUST_02083,Small,Basic,7,29,8,16,1,3,3.1,0,False
CUST_02084,Small,Basic,2,29,2,20,5,2,1.9,0,True
CUST_02085,Medium,Basic,8,29,0,11,1,2,2.7,0,False
CUST_02086,Medium,Pro,3,99,2,4,1,1,5.0,0,True
CUST_02087,Large,Basic,1,29,0,14,9,1,5.0,1,True
CUST_02088,Medium,Pro,2,99,4,20,1,1,3.8,0,True
CUST_02089,Small,Basic,2,29,5,15,6,1,5.0,0,False
CUST_02090,Small,Basic,3,29,8,4,1,1,2.6,0,True
CUST_02091,Large,Enterprise,6,299,3,6,1,0,4.4,0,True
CUST_02092,Medium,Basic,3,29,5,18,3,1,2.4,0,True
CUST_02093,Small,Basic,29,29,1,9,4,0,2.9,0,False
CUST_02094,Medium,Basic,20,29,13,1,3,0,3.7,0,False
CUST_02095,Medium,Basic,17,29,5,17,1,0,3.9,0,False
CUST_02096,Medium,Basic,1,29,7,6,3,2,1.8,0,True
CUST_02097,Small,Basic,9,29,0,9,6,2,3.6,0,False
CUST_02098,Medium,Basic,13,29,0,3,3,3,5.0,0,True
CUST_02099,Large,Enterprise,6,299,7,1,3,2,3.1,0,False
CUST_02100,Medium,Enterprise,13,299,5,11,6,2,2.6,0,False
CUST_02101,Small,Basic,18,29,2,4,1,0,3.5,0,True
CUST_02102,Large,Basic,13,29,7,11,1,2,4.9,0,False
CUST_02103,Small,Basic,3,29,24,21,7,2,4.2,0,False
CUST_02104,Small,Basic,16,29,1,7,4,1,3.9,2,True
CUST_02105,Small,Pro,1,99,1,5,1,1,5.0,0,True
CUST_02106,Medium,Pro,9,99,2,15,4,1,2.3,1,True
CUST_02107,Medium,Basic,4,29,8,11,2,2,3.5,0,True
CUST_02108,Large,Basic,15,29,1,4,5,1,4.0,0,False
CUST_02109,Small,Pro,11,99,2,4,4,1,4.2,2,False
CUST_02110,Large,Basic,14,29,1,2,3,1,2.6,0,True
CUST_02111,Medium,Basic,1,29,7,8,6,2,4.5,1,False
CUST_02112,Medium,Basic,7,29,2,2,6,2,4.0,0,True
CUST_02113,Medium,Basic,22,29,10,10,10,1,4.2,0,True
CUST_02114,Small,Basic,41,29,2,9,4,0,3.2,0,False
CUST_02115,Small,Pro,13,99,5,14,4,0,3.5,1,False
CUST_02116,Medium,Pro,4,99,23,11,3,3,4.7,0,False
CUST_02117,Small,Basic,1,29,2,7,3,2,5.0,0,True
CUST_02118,Small,Pro,14,99,6,13,3,2,3.9,0,False
CUST_02119,Medium,Basic,1,29,1,9,3,1,4.2,0,True
CUST_02120,Large,Pro,3,99,5,6,1,2,4.4,0,False
CUST_02121,Small,Basic,22,29,1,1,1,0,3.4,1,True
CUST_02122,Small,Basic,2,29,0,7,1,0,2.7,0,True
CUST_02123,Small,Basic,3,29,0,2,1,0,3.0,0,False
CUST_02124,Medium,Basic,7,29,1,9,2,1,3.4,0,False
CUST_02125,Large,Basic,33,29,0,15,3,0,2.7,1,True
CUST_02126,Medium,Basic,11,29,1,11,1,2,3.7,0,True
CUST_02127,Small,Basic,2,29,0,15,10,1,5.0,0,True
CUST_02128,Medium,Basic,12,29,11,4,4,2,4.8,1,True
CUST_02129,Medium,Basic,15,29,8,7,1,0,4.0,0,False
CUST_02130,Medium,Basic,19,29,1,5,3,1,3.9,1,True
CUST_02131,Small,Pro,2,99,29,7,1,0,3.7,0,True
CUST_02132,Small,Pro,10,99,0,18,8,0,5.0,0,False
CUST_02133,Small,Enterprise,11,299,0,7,5,1,2.7,0,False
CUST_02134,Medium,Basic,9,29,1,13,2,1,2.7,1,True
CUST_02135,Medium,Pro,5,99,1,13,1,0,3.5,1,False
CUST_02136,Small,Enterprise,1,299,0,7,2,0,5.0,0,False
CUST_02137,Medium,Enterprise,3,299,20,2,5,2,4.6,0,True
CUST_02138,Small,Pro,1,99,0,12,1,0,5.0,0,True
CUST_02139,Medium,Basic,4,29,2,6,3,1,4.1,0,False
CUST_02140,Large,Basic,11,29,5,13,1,1,4.4,0,True
CUST_02141,Small,Basic,11,29,1,12,2,0,1.5,0,True
CUST_02142,Small,Basic,1,29,1,4,2,0,3.8,1,True
CUST_02143,Small,Pro,1,99,0,8,2,0,4.4,2,True
CUST_02144,Large,Enterprise,3,299,2,4,6,1,3.0,1,False
CUST_02145,Medium,Basic,2,29,1,4,3,0,3.7,0,False
CUST_02146,Large,Pro,13,99,1,1,3,0,5.0,0,True
CUST_02147,Medium,Basic,1,29,4,22,2,1,3.5,0,False
CUST_02148,Large,Pro,13,99,3,11,4,2,4.9,0,False
CUST_02149,Medium,Basic,4,29,4,10,2,2,3.5,0,False
CUST_02150,Small,Pro,9,99,10,16,3,0,2.8,0,True
CUST_02151,Large,Basic,16,29,16,13,1,1,3.5,0,True
CUST_02152,Large,Pro,6,99,2,11,3,1,3.0,0,False
CUST_02153,Large,Basic,2,29,2,4,2,0,4.8,1,True
CUST_02154,Small,Pro,2,99,2,5,5,2,2.8,2,True
CUST_02155,Medium,Basic,4,29,8,6,1,1,2.9,1,True
CUST_02156,Medium,Pro,1,99,4,8,2,2,4.2,0,True
CUST_02157,Large,Pro,31,99,0,10,1,1,2.9,0,True
CUST_02158,Medium,Basic,6,29,3,8,6,0,4.3,0,False
CUST_02159,Small,Pro,12,99,5,1,5,0,3.1,0,True
CUST_02160,Small,Basic,11,29,7,10,4,1,3.1,0,False
CUST_02161,Small,Basic,1,29,11,11,1,1,3.1,1,False
CUST_02162,Medium,Pro,7,99,8,9,7,2,4.5,0,True
CUST_02163,Small,Pro,21,99,0,2,7,2,4.5,0,False
CUST_02164,Medium,Basic,26,29,7,6,3,0,3.8,0,False
CUST_02165,Small,Pro,11,99,0,9,1,2,5.0,0,False
CUST_02166,Small,Basic,3,29,3,8,3,0,5.0,0,False
CUST_02167,Small,Basic,20,29,3,8,1,3,3.6,0,False
CUST_02168,Small,Pro,14,99,3,19,4,0,4.5,0,False
CUST_02169,Medium,Basic,11,29,2,5,3,0,3.9,1,True
CUST_02170,Small,Basic,7,29,4,6,1,1,4.7,0,True
CUST_02171,Small,Basic,9,29,4,8,1,1,3.0,0,False
CUST_02172,Small,Basic,26,29,0,6,1,3,3.6,0,False
CUST_02173,Small,Enterprise,4,299,24,14,10,0,4.0,0,False
CUST_02174,Small,Basic,13,29,1,10,3,3,4.1,0,False
CUST_02175,Small,Pro,9,99,2,5,3,3,4.8,0,False
CUST_02176,Medium,Pro,5,99,4,5,6,2,4.2,1,False
CUST_02177,Small,Enterprise,2,299,1,5,1,0,5.0,0,True
CUST_02178,Large,Basic,5,29,3,2,6,2,4.9,1,True
CUST_02179,Small,Basic,34,29,0,23,9,0,5.0,0,False
CUST_02180,Small,Basic,6,29,2,3,1,0,3.3,1,False
CUST_02181,Medium,Pro,19,99,0,9,1,1,3.2,0,True
CUST_02182,Medium,Enterprise,5,299,2,15,2,1,3.2,0,True
CUST_02183,Medium,Pro,2,99,13,15,3,2,3.4,2,True
CUST_02184,Medium,Basic,33,29,0,3,4,0,4.5,0,False
CUST_02185,Small,Basic,11,29,8,7,1,1,4.3,0,False
CUST_02186,Small,Pro,8,99,6,3,1,2,4.5,0,True
CUST_02187,Medium,Basic,1,29,2,8,4,2,5.0,0,False
CUST_02188,Small,Pro,1,99,7,7,5,1,2.9,0,True
CUST_02189,Medium,Basic,9,29,10,17,4,0,3.3,0,True
CUST_02190,Small,Enterprise,2,299,11,10,2,2,3.6,0,False
CUST_02191,Small,Basic,5,29,13,19,5,1,5.0,0,False
CUST_02192,Small,Pro,10,99,5,5,1,1,2.5,1,True
CUST_02193,Large,Pro,25,99,0,4,6,0,3.4,0,False
CUST_02194,Small,Pro,1,99,12,11,1,1,5.0,0,True
CUST_02195,Medium,Basic,2,29,0,0,1,0,5.0,0,True
CUST_02196,Medium,Pro,7,99,1,2,3,2,3.3,0,False
CUST_02197,Large,Pro,3,99,5,6,1,2,1.5,0,False
CUST_02198,Medium,Basic,7,29,11,8,3,0,5.0,0,False
CUST_02199,Small,Pro,3,99,1,18,5,3,4.9,0,False
CUST_02200,Large,Basic,3,29,3,11,2,1,4.6,0,False
CUST_02201,Medium,Pro,1,99,0,0,3,1,4.5,0,False
CUST_02202,Large,Pro,9,99,0,3,2,0,4.7,0,False
CUST_02203,Small,Basic,1,29,5,4,8,3,3.8,0,True
CUST_02204,Small,Basic,18,29,1,6,3,2,4.2,0,False
CUST_02205,Small,Basic,11,29,4,2,5,1,5.0,0,False
CUST_02206,Small,Pro,1,99,2,2,4,0,4.5,1,True
CUST_02207,Small,Basic,6,29,2,11,7,2,3.3,0,False
CUST_02208,Medium,Basic,3,29,14,10,6,1,2.8,1,True
CUST_02209,Large,Enterprise,1,299,8,16,1,0,5.0,0,True
CUST_02210,Large,Pro,5,99,12,24,3,2,2.9,0,True
CUST_02211,Small,Pro,7,99,0,6,4,1,5.0,0,False
CUST_02212,Medium,Enterprise,32,299,3,5,2,2,4.6,0,False
CUST_02213,Medium,Basic,2,29,15,17,1,0,4.5,0,False
CUST_02214,Small,Enterprise,9,299,7,6,3,0,4.9,0,False
CUST_02215,Small,Pro,1,99,13,9,1,0,3.6,0,True
CUST_02216,Medium,Basic,2,29,5,7,5,0,3.5,0,False
CUST_02217,Medium,Basic,32,29,5,4,2,2,4.4,0,True
CUST_02218,Medium,Basic,14,29,18,3,2,2,3.0,0,True
CUST_02219,Large,Basic,16,29,5,8,5,1,3.3,0,False
CUST_02220,Small,Basic,3,29,2,40,1,1,2.8,0,True
CUST_02221,Small,Basic,3,29,13,20,1,1,3.9,0,True
CUST_02222,Medium,Basic,7,29,0,7,4,0,3.0,0,False
CUST_02223,Small,Basic,8,29,2,5,3,0,5.0,0,False
CUST_02224,Large,Basic,4,29,1,14,1,0,4.5,2,False
CUST_02225,Large,Enterprise,3,299,7,11,1,0,3.7,0,False
CUST_02226,Large,Enterprise,11,299,0,14,1,3,2.9,0,True
CUST_02227,Small,Pro,5,99,9,7,6,2,3.9,0,True
CUST_02228,Large,Basic,3,29,0,7,4,1,3.5,0,False
CUST_02229,Small,Basic,20,29,1,9,2,0,2.8,0,False
CUST_02230,Large,Pro,9,99,5,4,1,0,2.9,1,True
CUST_02231,Medium,Basic,26,29,20,4,4,1,5.0,0,True
CUST_02232,Medium,Pro,13,99,7,8,3,3,4.0,0,False
CUST_02233,Large,Pro,13,99,2,7,4,2,4.2,1,False
CUST_02234,Small,Basic,3,29,11,4,7,0,3.8,0,False
CUST_02235,Medium,Pro,5,99,1,5,6,0,3.3,0,False
CUST_02236,Small,Basic,2,29,3,7,3,1,2.9,0,True
CUST_02237,Large,Basic,1,29,0,3,1,2,4.1,0,True
CUST_02238,Large,Enterprise,5,299,1,13,3,0,5.0,0,False
CUST_02239,Small,Basic,26,29,4,11,9,0,4.6,0,False
CUST_02240,Small,Pro,5,99,0,3,1,0,3.3,0,False
CUST_02241,Medium,Basic,4,29,9,13,1,1,3.9,0,False
CUST_02242,Small,Pro,1,99,5,4,3,0,4.9,0,True
CUST_02243,Small,Enterprise,18,299,0,17,4,1,4.8,0,False
CUST_02244,Large,Basic,18,29,0,1,1,1,5.0,0,True
CUST_02245,Small,Basic,1,29,8,12,1,3,3.9,1,True
CUST_02246,Medium,Pro,7,99,2,10,6,5,4.2,0,True
CUST_02247,Small,Basic,9,29,1,6,2,1,2.7,0,True
CUST_02248,Small,Basic,4,29,1,2,1,0,3.9,0,False
CUST_02249,Medium,Pro,20,99,2,5,1,0,4.4,0,False
CUST_02250,Small,Basic,19,29,0,4,9,2,3.3,0,False
CUST_02251,Medium,Basic,1,29,0,6,1,0,4.4,0,True
CUST_02252,Large,Basic,42,29,0,9,2,2,4.0,0,False
CUST_02253,Small,Basic,12,29,2,12,1,0,2.4,0,True
CUST_02254,Small,Basic,17,29,0,4,2,1,3.9,0,True
CUST_02255,Small,Basic,18,29,0,4,5,0,4.9,0,False
CUST_02256,Small,Pro,4,99,0,5,4,1,2.7,1,False
CUST_02257,Small,Basic,11,29,2,7,1,1,3.1,0,True
CUST_02258,Small,Pro,4,99,2,2,4,0,3.8,0,True
CUST_02259,Medium,Pro,12,99,0,3,4,0,4.5,0,False
CUST_02260,Small,Pro,1,99,3,3,2,0,4.1,0,True
CUST_02261,Small,Basic,1,29,9,7,6,1,2.3,0,True
CUST_02262,Small,Pro,3,99,4,3,2,1,4.3,0,False
CUST_02263,Medium,Basic,3,29,8,16,1,1,5.0,0,True
CUST_02264,Medium,Pro,5,99,7,8,4,1,4.6,1,False
CUST_02265,Small,Basic,9,29,0,11,4,2,4.8,0,False
CUST_02266,Medium,Basic,4,29,1,7,1,0,5.0,0,False
CUST_02267,Medium,Pro,3,99,0,8,4,0,4.0,0,False
CUST_02268,Large,Pro,1,99,1,5,1,3,3.9,0,True
CUST_02269,Small,Enterprise,9,299,1,11,3,2,4.5,1,True
CUST_02270,Small,Basic,1,29,2,6,1,0,3.7,0,False
CUST_02271,Large,Pro,1,99,0,4,5,4,4.7,0,True
CUST_02272,Medium,Basic,7,29,4,2,2,0,3.0,0,True
CUST_02273,Large,Pro,1,99,10,10,5,1,5.0,0,True
CUST_02274,Medium,Pro,1,99,3,7,6,2,4.3,0,False
CUST_02275,Large,Pro,5,99,2,12,9,1,4.5,0,False
CUST_02276,Small,Basic,2,29,8,11,7,2,2.0,0,True
CUST_02277,Medium,Pro,2,99,9,11,2,2,3.4,0,True
CUST_02278,Small,Basic,1,29,7,13,6,3,3.8,0,False
CUST_02279,Medium,Basic,4,29,1,8,2,0,5.0,0,True
CUST_02280,Medium,Pro,1,99,2,5,2,1,3.5,0,True
CUST_02281,Large,Basic,6,29,9,3,1,2,4.4,1,True
CUST_02282,Medium,Basic,1,29,3,9,10,0,5.0,0,True
CUST_02283,Small,Enterprise,3,299,1,8,2,2,1.0,0,False
CUST_02284,Small,Basic,4,29,3,4,2,0,3.8,0,True
CUST_02285,Small,Basic,2,29,0,6,3,2,4.7,0,False
CUST_02286,Small,Basic,12,29,1,10,4,0,4.0,0,False
CUST_02287,Small,Basic,4,29,3,7,5,0,3.3,0,False
CUST_02288,Small,Pro,5,99,1,6,7,0,4.5,0,False
CUST_02289,Small,Enterprise,3,299,4,4,2,1,4.9,1,False
CUST_02290,Small,Basic,14,29,11,5,6,1,3.2,1,False
CUST_02291,Large,Basic,14,29,5,8,10,1,2.4,0,True
CUST_02292,Small,Basic,1,29,1,3,6,0,5.0,1,True
CUST_02293,Large,Pro,1,99,1,8,2,0,4.6,0,True
CUST_02294,Medium,Basic,1,29,0,12,2,2,3.7,0,False
CUST_02295,Large,Basic,1,29,0,11,10,0,4.4,0,True
CUST_02296,Small,Basic,10,29,3,7,3,1,5.0,0,False
CUST_02297,Small,Basic,2,29,1,14,7,2,5.0,1,True
CUST_02298,Small,Basic,4,29,3,6,1,0,4.9,0,False
CUST_02299,Medium,Basic,14,29,4,13,3,2,3.0,0,False
CUST_02300,Small,Basic,1,29,6,13,9,0,4.0,0,False
CUST_02301,Medium,Basic,3,29,10,7,5,0,4.0,0,True
CUST_02302,Large,Pro,7,99,21,2,2,1,4.4,0,True
CUST_02303,Small,Pro,4,99,5,10,3,0,3.5,1,False
CUST_02304,Small,Pro,1,99,0,21,9,0,3.9,0,False
CUST_02305,Medium,Pro,6,99,7,8,4,1,5.0,0,False
CUST_02306,Medium,Basic,3,29,24,9,3,1,4.3,0,False
CUST_02307,Medium,Basic,2,29,1,9,3,0,3.9,1,True
CUST_02308,Small,Basic,3,29,8,6,4,0,5.0,0,False
CUST_02309,Medium,Pro,1,99,7,3,2,0,3.4,0,True
CUST_02310,Small,Pro,5,99,1,19,1,1,4.2,0,True
CUST_02311,Small,Pro,17,99,3,18,3,0,3.6,0,False
CUST_02312,Small,Basic,9,29,0,6,5,1,3.7,0,False
CUST_02313,Medium,Pro,8,99,7,7,1,2,2.6,1,True
CUST_02314,Small,Basic,8,29,0,9,3,1,3.4,0,False
CUST_02315,Medium,Basic,9,29,3,9,1,0,4.6,0,True
CUST_02316,Large,Pro,4,99,0,3,6,2,3.0,0,False
CUST_02317,Small,Pro,11,99,2,4,2,1,3.4,0,False
CUST_02318,Large,Enterprise,1,299,3,14,3,1,3.9,0,False
CUST_02319,Medium,Basic,1,29,9,21,4,1,3.0,0,False
CUST_02320,Medium,Pro,1,99,1,10,6,2,3.4,0,True
CUST_02321,Small,Basic,6,29,1,3,4,1,4.8,0,True
CUST_02322,Medium,Pro,5,99,5,9,4,1,3.1,0,False
CUST_02323,Small,Enterprise,10,299,2,3,7,2,3.6,0,True
CUST_02324,Medium,Basic,1,29,2,10,2,1,2.9,1,True
CUST_02325,Medium,Pro,1,99,1,15,2,3,4.1,0,True
CUST_02326,Medium,Basic,11,29,2,4,5,0,3.9,0,False
CUST_02327,Small,Basic,2,29,4,4,2,1,3.2,0,True
CUST_02328,Small,Basic,7,29,0,7,5,3,2.9,0,False
CUST_02329,Small,Basic,1,29,12,3,2,1,2.8,0,False
CUST_02330,Medium,Pro,1,99,12,16,4,1,4.8,0,True
CUST_02331,Small,Enterprise,18,299,11,11,6,4,4.5,0,False
CUST_02332,Small,Pro,10,99,4,7,6,0,2.6,0,True
CUST_02333,Large,Pro,24,99,4,17,2,1,3.3,0,False
CUST_02334,Medium,Basic,3,29,0,7,6,0,4.3,0,False
CUST_02335,Large,Pro,1,99,0,2,3,1,4.6,0,True
CUST_02336,Medium,Pro,1,99,3,2,1,3,4.3,0,True
CUST_02337,Small,Basic,2,29,1,10,2,2,5.0,0,True
CUST_02338,Small,Basic,3,29,2,8,10,2,4.4,0,False
CUST_02339,Small,Basic,9,29,1,13,4,1,2.7,1,True
CUST_02340,Small,Basic,30,29,19,3,7,0,2.3,0,True
CUST_02341,Medium,Basic,9,29,5,21,3,0,3.1,0,False
CUST_02342,Medium,Basic,2,29,0,17,3,2,4.1,0,False
CUST_02343,Medium,Pro,5,99,8,8,5,2,4.9,0,False
CUST_02344,Small,Basic,13,29,13,11,8,1,4.3,0,False
CUST_02345,Medium,Pro,4,99,25,10,8,2,2.8,0,True
CUST_02346,Small,Enterprise,6,299,3,4,6,1,2.6,0,True
CUST_02347,Medium,Pro,4,99,1,9,1,1,2.1,1,True
CUST_02348,Large,Basic,8,29,1,8,5,2,4.2,0,False
CUST_02349,Small,Basic,15,29,2,3,5,1,4.7,0,False
CUST_02350,Medium,Pro,21,99,6,6,1,1,2.4,0,False
CUST_02351,Medium,Basic,10,29,1,4,7,0,5.0,0,True
CUST_02352,Small,Basic,5,29,3,7,1,0,5.0,0,False
CUST_02353,Small,Basic,3,29,0,1,2,1,4.4,0,False
CUST_02354,Small,Basic,1,29,3,4,7,1,3.6,0,True
CUST_02355,Small,Enterprise,2,299,4,3,1,2,3.5,1,False
CUST_02356,Medium,Basic,4,29,26,8,2,0,3.7,0,False
CUST_02357,Large,Basic,6,29,0,16,4,1,2.6,1,True
CUST_02358,Medium,Pro,10,99,1,5,10,0,5.0,1,False
CUST_02359,Small,Basic,1,29,4,6,5,0,3.8,0,False
CUST_02360,Medium,Basic,2,29,0,12,4,0,5.0,0,True
CUST_02361,Medium,Basic,12,29,0,4,1,0,4.0,0,True
CUST_02362,Small,Basic,11,29,2,8,4,0,4.1,0,False
CUST_02363,Small,Basic,13,29,11,8,1,2,3.9,0,True
CUST_02364,Medium,Basic,1,29,3,6,7,0,3.2,0,False
CUST_02365,Small,Enterprise,6,299,2,4,2,1,3.4,0,True
CUST_02366,Large,Pro,12,99,1,6,1,0,3.1,2,False
CUST_02367,Medium,Basic,20,29,1,4,7,1,3.9,0,False
CUST_02368,Medium,Pro,10,99,12,5,3,1,4.0,1,True
CUST_02369,Small,Basic,19,29,5,7,5,0,3.1,0,False
CUST_02370,Large,Basic,8,29,12,5,2,0,4.9,0,False
CUST_02371,Small,Basic,3,29,0,19,10,3,5.0,0,False
CUST_02372,Medium,Basic,23,29,0,20,3,0,4.8,0,False
CUST_02373,Small,Basic,13,29,0,4,9,2,4.3,0,False
CUST_02374,Medium,Basic,3,29,17,9,3,0,4.5,0,False
CUST_02375,Small,Pro,13,99,6,4,1,0,3.6,0,True
CUST_02376,Small,Pro,6,99,1,9,8,1,4.9,0,False
CUST_02377,Large,Basic,1,29,9,2,1,1,4.3,0,True
CUST_02378,Small,Basic,5,29,24,12,10,2,4.2,1,True
CUST_02379,Medium,Pro,1,99,10,8,4,2,5.0,0,True
CUST_02380,Medium,Basic,12,29,0,4,5,0,3.5,0,False
CUST_02381,Small,Basic,2,29,4,7,6,0,3.7,0,True
CUST_02382,Medium,Enterprise,1,299,0,3,2,2,2.9,0,True
CUST_02383,Small,Basic,14,29,1,2,1,0,3.3,0,False
CUST_02384,Small,Basic,1,29,7,6,2,1,5.0,0,True
CUST_02385,Small,Basic,1,29,2,4,4,0,4.3,0,True
CUST_02386,Small,Pro,6,99,4,6,1,2,5.0,0,True
CUST_02387,Large,Basic,1,29,3,19,1,1,5.0,0,True
CUST_02388,Medium,Basic,1,29,6,15,1,0,3.9,1,True
CUST_02389,Large,Pro,6,99,4,16,3,2,3.4,0,False
CUST_02390,Small,Basic,2,29,4,18,3,0,3.2,1,True
CUST_02391,Small,Basic,3,29,1,8,2,5,3.8,0,False
CUST_02392,Small,Basic,8,29,2,3,10,1,2.1,0,True
CUST_02393,Small,Basic,3,29,11,10,4,2,3.6,0,True
CUST_02394,Medium,Pro,6,99,5,10,1,0,4.8,0,False
CUST_02395,Medium,Pro,2,99,5,10,2,2,3.0,0,False
CUST_02396,Large,Basic,6,29,11,1,7,1,4.0,0,True
CUST_02397,Small,Basic,11,29,6,10,2,3,5.0,0,False
CUST_02398,Small,Pro,1,99,3,13,3,5,3.1,0,False
CUST_02399,Medium,Pro,2,99,0,3,3,1,5.0,0,True
CUST_02400,Small,Basic,18,29,4,3,4,0,3.1,0,False
CUST_02401,Small,Basic,13,29,1,4,1,0,3.5,0,True
CUST_02402,Medium,Basic,3,29,2,13,1,1,5.0,0,True
CUST_02403,Small,Pro,8,99,0,8,3,1,3.0,0,True
CUST_02404,Medium,Basic,10,29,3,6,2,1,2.8,0,True
CUST_02405,Medium,Basic,4,29,5,15,2,3,2.1,0,True
CUST_02406,Medium,Pro,9,99,0,13,1,0,5.0,0,False
CUST_02407,Medium,Basic,4,29,0,14,3,2,2.9,0,False
CUST_02408,Large,Pro,33,99,2,6,2,1,3.8,0,False
CUST_02409,Medium,Basic,12,29,1,6,3,0,3.3,0,False
CUST_02410,Small,Pro,17,99,0,4,9,0,5.0,0,False
CUST_02411,Medium,Basic,3,29,2,5,4,2,4.6,0,True
CUST_02412,Small,Pro,23,99,7,12,1,3,4.4,0,False
CUST_02413,Small,Pro,16,99,1,5,6,2,4.5,0,False
CUST_02414,Small,Basic,2,29,21,9,1,1,3.0,1,False
CUST_02415,Medium,Basic,4,29,2,4,1,1,3.3,0,True
CUST_02416,Medium,Basic,1,29,2,1,4,0,4.1,0,True
CUST_02417,Medium,Basic,1,29,0,4,1,1,3.4,0,True
CUST_02418,Large,Pro,11,99,6,14,5,2,4.7,0,False
CUST_02419,Medium,Basic,10,29,1,8,1,2,4.6,0,True
CUST_02420,Small,Pro,1,99,1,10,5,1,4.4,0,True
CUST_02421,Small,Basic,6,29,2,8,2,3,4.5,1,False
CUST_02422,Large,Enterprise,3,299,0,19,1,1,4.6,0,False
CUST_02423,Medium,Pro,1,99,6,7,5,1,2.9,0,True
CUST_02424,Large,Basic,6,29,10,6,7,0,4.8,0,False
CUST_02425,Small,Enterprise,5,299,9,11,4,3,2.7,0,True
CUST_02426,Medium,Pro,1,99,4,9,3,1,4.3,0,False
CUST_02427,Medium,Pro,4,99,18,6,1,1,3.9,0,True
CUST_02428,Small,Basic,1,29,0,11,10,0,2.8,1,False
CUST_02429,Small,Pro,1,99,8,5,1,1,4.8,1,True
CUST_02430,Small,Basic,2,29,3,7,1,0,3.9,0,True
CUST_02431,Small,Pro,2,99,0,5,3,0,4.8,0,False
CUST_02432,Small,Pro,8,99,10,7,1,2,3.6,0,True
CUST_02433,Medium,Pro,3,99,12,12,1,0,3.6,2,True
CUST_02434,Small,Basic,12,29,4,7,2,1,5.0,1,True
CUST_02435,Small,Pro,6,99,2,33,2,0,4.0,0,True
CUST_02436,Small,Basic,51,29,0,1,4,1,3.7,0,True
CUST_02437,Small,Basic,4,29,2,18,1,1,2.4,1,True
CUST_02438,Small,Enterprise,8,299,2,8,1,1,3.9,0,False
CUST_02439,Medium,Pro,2,99,5,6,1,0,4.6,0,False
CUST_02440,Medium,Pro,5,99,3,14,3,0,4.0,0,True
CUST_02441,Small,Basic,7,29,0,17,7,0,3.6,0,True
CUST_02442,Medium,Pro,4,99,2,1,5,1,3.8,0,False
CUST_02443,Small,Pro,6,99,11,8,1,0,4.2,0,True
CUST_02444,Small,Pro,1,99,4,21,4,0,4.3,0,False
CUST_02445,Small,Pro,13,99,2,5,2,0,2.6,0,True
CUST_02446,Medium,Basic,1,29,0,11,1,0,4.6,0,True
CUST_02447,Small,Basic,2,29,9,12,4,0,3.1,0,True
CUST_02448,Medium,Basic,1,29,4,3,3,0,3.8,0,True
CUST_02449,Medium,Basic,2,29,11,14,1,0,4.8,0,True
CUST_02450,Large,Pro,5,99,3,13,4,1,3.1,0,False
CUST_02451,Medium,Pro,16,99,10,3,2,0,3.0,0,True
CUST_02452,Medium,Pro,15,99,0,8,3,3,5.0,0,False
CUST_02453,Large,Pro,2,99,3,3,5,0,3.1,0,False
CUST_02454,Medium,Basic,1,29,2,10,3,1,2.8,0,False
CUST_02455,Large,Basic,12,29,5,6,1,3,4.1,0,True
CUST_02456,Medium,Pro,3,99,9,8,1,0,5.0,0,False
CUST_02457,Medium,Basic,17,29,2,16,8,1,3.9,0,False
CUST_02458,Small,Pro,3,99,8,3,3,3,4.0,0,True
CUST_02459,Small,Enterprise,31,299,2,4,2,3,4.8,0,True
CUST_02460,Small,Pro,25,99,4,13,4,1,5.0,0,False
CUST_02461,Large,Basic,7,29,7,2,1,0,5.0,0,True
CUST_02462,Large,Pro,25,99,2,13,1,1,5.0,0,False
CUST_02463,Medium,Enterprise,7,299,5,14,1,1,5.0,1,True
CUST_02464,Medium,Pro,5,99,0,6,1,0,5.0,0,False
CUST_02465,Large,Pro,14,99,1,5,3,2,3.3,1,True
CUST_02466,Medium,Basic,1,29,4,12,5,2,3.5,0,True
CUST_02467,Small,Basic,3,29,6,12,3,1,4.0,0,False
CUST_02468,Small,Basic,1,29,0,17,4,0,3.5,0,False
CUST_02469,Small,Basic,3,29,1,10,4,3,5.0,1,False
CUST_02470,Small,Basic,5,29,0,5,5,0,4.5,0,False
CUST_02471,Medium,Basic,6,29,3,10,1,1,5.0,0,False
CUST_02472,Small,Basic,22,29,4,7,2,1,5.0,0,False
CUST_02473,Medium,Basic,3,29,11,17,1,2,4.5,0,False
CUST_02474,Small,Pro,1,99,0,9,1,0,5.0,0,True
CUST_02475,Small,Basic,41,29,1,4,5,1,4.0,0,True
CUST_02476,Small,Pro,1,99,3,6,3,0,4.0,0,False
CUST_02477,Large,Basic,1,29,5,8,1,1,3.3,1,False
CUST_02478,Small,Basic,2,29,3,17,4,2,4.8,1,True
CUST_02479,Small,Basic,21,29,5,9,4,0,5.0,0,False
CUST_02480,Small,Pro,1,99,3,6,1,2,4.2,0,False
CUST_02481,Large,Basic,3,29,4,6,2,1,3.4,0,True
CUST_02482,Small,Pro,34,99,8,7,8,1,4.5,0,False
CUST_02483,Small,Enterprise,7,299,5,7,2,2,4.6,1,False
CUST_02484,Small,Basic,1,29,4,9,8,0,5.0,1,True
CUST_02485,Large,Basic,6,29,5,6,1,1,5.0,1,False
CUST_02486,Medium,Basic,27,29,10,13,7,3,5.0,0,False
CUST_02487,Medium,Pro,1,99,1,19,2,0,3.0,0,True
CUST_02488,Small,Pro,26,99,35,4,6,2,4.9,0,True
CUST_02489,Medium,Pro,16,99,3,4,1,1,4.3,0,True
CUST_02490,Small,Pro,3,99,2,3,1,3,1.6,0,True
CUST_02491,Medium,Basic,14,29,14,3,1,2,3.3,0,True
CUST_02492,Medium,Basic,8,29,0,11,3,0,3.9,2,True
CUST_02493,Medium,Basic,13,29,0,7,1,2,3.9,0,True
CUST_02494,Small,Enterprise,19,299,3,2,2,0,2.9,0,True
CUST_02495,Small,Pro,11,99,3,3,5,1,5.0,0,True
CUST_02496,Small,Basic,4,29,1,7,5,0,3.1,0,False
CUST_02497,Small,Enterprise,7,299,4,20,2,0,3.8,1,True
CUST_02498,Small,Pro,5,99,28,7,2,1,3.6,0,True
CUST_02499,Small,Basic,1,29,5,23,5,2,3.2,1,True
CUST_02500,Large,Basic,9,29,16,9,3,0,3.5,1,True
CUST_02501,Small,Pro,14,99,6,3,5,1,5.0,0,False
CUST_02502,Medium,Pro,15,99,1,9,5,0,4.2,0,False
CUST_02503,Small,Basic,17,29,5,11,2,0,4.7,0,True
CUST_02504,Medium,Basic,11,29,5,12,2,0,3.7,0,False
CUST_02505,Medium,Pro,13,99,12,10,1,1,3.6,0,False
CUST_02506,Small,Basic,2,29,26,17,9,3,4.0,0,True
CUST_02507,Large,Pro,7,99,7,3,3,0,5.0,0,True
CUST_02508,Medium,Pro,1,99,8,6,1,2,2.5,1,True
CUST_02509,Small,Basic,8,29,5,5,2,2,3.2,1,True
CUST_02510,Medium,Basic,2,29,1,7,5,0,4.1,0,False
CUST_02511,Medium,Enterprise,15,299,5,8,2,1,4.0,1,True
CUST_02512,Small,Basic,11,29,3,13,5,1,3.0,0,False
CUST_02513,Small,Basic,2,29,7,17,1,0,3.4,0,False
CUST_02514,Small,Basic,1,29,11,3,2,0,4.3,1,True
CUST_02515,Medium,Basic,1,29,5,13,2,0,4.2,0,False
CUST_02516,Medium,Pro,1,99,3,4,2,2,4.3,0,True
CUST_02517,Small,Basic,1,29,11,16,5,0,4.0,0,False
CUST_02518,Small,Pro,15,99,1,12,3,1,4.4,0,False
CUST_02519,Large,Enterprise,1,299,6,5,2,1,3.6,0,True
CUST_02520,Small,Basic,22,29,5,9,2,1,2.8,0,True
CUST_02521,Medium,Pro,1,99,8,18,7,1,4.9,0,True
CUST_02522,Large,Basic,7,29,12,7,3,0,4.1,0,False
CUST_02523,Medium,Basic,6,29,5,11,1,0,4.4,0,True
CUST_02524,Small,Basic,5,29,18,3,3,0,5.0,0,True
CUST_02525,Medium,Basic,1,29,0,5,5,1,3.6,0,False
CUST_02526,Small,Pro,1,99,1,5,2,2,4.2,0,True
CUST_02527,Medium,Basic,1,29,28,5,2,0,4.1,0,True
CUST_02528,Medium,Pro,6,99,12,6,2,1,5.0,0,False
CUST_02529,Medium,Basic,4,29,1,6,5,0,5.0,0,True
CUST_02530,Small,Basic,1,29,1,3,1,1,2.4,0,True
CUST_02531,Small,Pro,5,99,0,2,1,2,4.8,1,False
CUST_02532,Medium,Pro,12,99,0,8,1,1,1.6,0,True
CUST_02533,Small,Pro,13,99,7,6,10,0,3.7,0,False
CUST_02534,Small,Basic,7,29,2,8,10,3,3.1,0,False
CUST_02535,Medium,Basic,1,29,1,5,1,0,3.2,0,False
CUST_02536,Medium,Basic,1,29,12,7,2,1,2.5,0,False
CUST_02537,Small,Basic,3,29,3,11,5,1,5.0,0,False
CUST_02538,Small,Basic,4,29,3,20,3,1,3.6,0,False
CUST_02539,Small,Basic,2,29,2,12,1,2,5.0,0,True
CUST_02540,Small,Basic,1,29,8,1,5,0,3.3,0,True
CUST_02541,Small,Basic,8,29,4,7,3,2,3.9,0,False
CUST_02542,Small,Basic,4,29,1,5,2,1,4.7,0,False
CUST_02543,Medium,Basic,15,29,1,4,7,1,3.3,1,True
CUST_02544,Medium,Pro,13,99,2,7,8,1,4.1,0,False
CUST_02545,Small,Basic,1,29,1,11,10,0,2.9,0,False
CUST_02546,Medium,Basic,3,29,2,1,1,2,3.7,1,True
CUST_02547,Small,Pro,1,99,5,7,2,1,3.8,0,True
CUST_02548,Small,Basic,11,29,0,14,4,0,3.0,0,False
CUST_02549,Large,Basic,1,29,4,9,1,2,4.5,0,True
CUST_02550,Large,Basic,15,29,3,4,1,1,2.8,0,True
CUST_02551,Medium,Pro,1,99,13,4,4,0,5.0,0,True
CUST_02552,Medium,Pro,10,99,23,4,1,5,4.7,0,True
CUST_02553,Medium,Basic,13,29,7,5,1,3,2.2,0,True
CUST_02554,Medium,Basic,30,29,6,19,2,1,3.1,0,False
CUST_02555,Small,Pro,5,99,1,8,4,0,4.1,0,False
CUST_02556,Medium,Basic,4,29,0,9,1,0,3.4,0,False
CUST_02557,Small,Pro,14,99,1,7,3,0,3.6,1,True
CUST_02558,Medium,Basic,8,29,0,3,5,1,3.6,0,False
CUST_02559,Large,Pro,15,99,0,6,4,1,4.0,0,False
CUST_02560,Medium,Basic,15,29,14,13,2,0,4.1,0,False
CUST_02561,Small,Pro,5,99,5,16,1,2,3.1,0,False
CUST_02562,Large,Basic,3,29,9,12,4,0,4.3,0,False
CUST_02563,Small,Pro,18,99,1,8,4,0,2.8,0,False
CUST_02564,Small,Enterprise,7,299,0,3,3,1,4.1,0,False
CUST_02565,Small,Basic,21,29,12,2,3,1,3.9,0,False
CUST_02566,Medium,Pro,3,99,3,5,2,3,5.0,0,False
CUST_02567,Large,Basic,2,29,4,9,1,1,2.6,0,True
CUST_02568,Small,Pro,9,99,1,5,4,1,3.9,0,True
CUST_02569,Large,Basic,4,29,2,4,10,1,2.0,0,True
CUST_02570,Small,Enterprise,8,299,4,8,2,0,3.9,0,False
CUST_02571,Medium,Basic,21,29,0,9,1,1,4.5,1,True
CUST_02572,Large,Pro,3,99,1,8,1,1,2.8,1,True
CUST_02573,Small,Basic,5,29,3,7,3,0,2.5,2,True
CUST_02574,Small,Basic,13,29,0,0,3,2,2.6,0,False
CUST_02575,Medium,Pro,4,99,3,11,4,3,5.0,0,False
CUST_02576,Small,Pro,1,99,1,5,1,1,3.6,0,True
CUST_02577,Small,Basic,3,29,0,11,3,0,4.0,0,False
CUST_02578,Medium,Pro,7,99,0,14,3,1,5.0,0,False
CUST_02579,Medium,Basic,3,29,5,9,10,1,4.6,0,False
CUST_02580,Large,Pro,6,99,12,12,1,0,3.2,1,True
CUST_02581,Small,Pro,6,99,4,19,2,2,4.6,0,True
CUST_02582,Large,Basic,4,29,0,8,2,0,5.0,0,False
CUST_02583,Small,Basic,5,29,14,5,6,0,5.0,1,False
CUST_02584,Large,Basic,4,29,1,6,2,2,2.9,0,True
CUST_02585,Small,Pro,24,99,0,3,2,3,5.0,0,True
CUST_02586,Large,Basic,1,29,3,2,1,1,3.0,0,True
CUST_02587,Small,Basic,6,29,1,9,8,1,4.7,0,False
CUST_02588,Small,Pro,4,99,6,4,1,1,4.2,1,False
CUST_02589,Medium,Basic,1,29,5,7,7,0,3.7,0,False
CUST_02590,Small,Basic,2,29,3,19,3,0,5.0,0,True
CUST_02591,Small,Basic,1,29,11,8,9,1,3.2,0,True
CUST_02592,Small,Basic,1,29,12,7,2,0,2.9,1,True
CUST_02593,Medium,Basic,1,29,0,20,3,2,3.7,0,True
CUST_02594,Small,Pro,12,99,0,14,6,1,1.4,0,True
CUST_02595,Small,Basic,2,29,1,2,5,0,4.6,1,True
CUST_02596,Medium,Basic,7,29,24,10,2,1,4.2,0,True
CUST_02597,Small,Basic,9,29,11,5,1,0,4.3,0,False
CUST_02598,Medium,Basic,6,29,0,5,2,2,2.6,0,False
CUST_02599,Small,Enterprise,3,299,1,3,3,1,4.5,0,False
CUST_02600,Small,Basic,1,29,0,8,1,1,4.7,0,True
CUST_02601,Medium,Pro,11,99,1,12,1,0,4.8,0,False
CUST_02602,Large,Basic,1,29,6,5,2,0,3.7,2,True
CUST_02603,Small,Pro,21,99,0,8,1,1,2.6,0,False
CUST_02604,Small,Pro,1,99,15,6,1,0,3.1,1,False
CUST_02605,Small,Basic,3,29,6,10,5,0,4.1,0,False
CUST_02606,Medium,Basic,34,29,10,3,6,2,3.7,0,False
CUST_02607,Medium,Basic,7,29,10,4,3,5,3.5,0,False
CUST_02608,Medium,Enterprise,2,299,3,8,10,0,3.7,0,False
CUST_02609,Medium,Basic,4,29,0,2,4,0,5.0,0,True
CUST_02610,Medium,Basic,2,29,0,4,1,0,5.0,0,True
CUST_02611,Medium,Basic,1,29,0,6,2,0,3.1,0,True
CUST_02612,Small,Basic,11,29,6,8,2,3,3.4,0,True
CUST_02613,Medium,Basic,2,29,0,20,1,1,5.0,0,True
CUST_02614,Small,Basic,33,29,11,3,7,0,3.1,1,False
CUST_02615,Small,Basic,2,29,10,4,1,0,3.9,0,True
CUST_02616,Small,Pro,1,99,0,4,1,3,3.1,0,True
CUST_02617,Medium,Pro,1,99,0,6,1,1,3.7,0,True
CUST_02618,Large,Basic,5,29,0,6,4,0,3.5,0,False
CUST_02619,Small,Pro,11,99,1,4,5,1,2.5,0,True
CUST_02620,Small,Basic,10,29,5,5,4,1,4.2,0,False
CUST_02621,Small,Pro,25,99,7,8,4,1,3.5,0,False
CUST_02622,Small,Basic,31,29,5,10,1,1,3.4,0,True
CUST_02623,Small,Basic,16,29,0,4,2,0,4.8,1,True
CUST_02624,Small,Basic,5,29,1,8,2,3,2.5,0,True
CUST_02625,Large,Basic,6,29,0,19,1,1,4.1,0,False
CUST_02626,Large,Pro,2,99,4,8,4,1,5.0,0,False
CUST_02627,Small,Basic,1,29,17,18,3,1,4.0,0,True
CUST_02628,Small,Pro,11,99,3,10,10,1,3.4,0,False
CUST_02629,Small,Basic,1,29,1,4,2,3,4.1,0,True
CUST_02630,Small,Pro,6,99,4,7,7,2,4.6,0,False
CUST_02631,Large,Basic,7,29,23,8,3,1,4.6,0,False
CUST_02632,Medium,Basic,3,29,6,30,1,0,3.6,1,True
CUST_02633,Small,Pro,10,99,6,9,10,0,3.3,0,False
CUST_02634,Medium,Pro,7,99,2,3,1,1,5.0,0,True
CUST_02635,Large,Basic,1,29,3,6,6,2,3.8,0,False
CUST_02636,Small,Pro,1,99,0,9,3,2,4.3,1,False
CUST_02637,Medium,Basic,10,29,9,6,4,0,4.9,0,False
CUST_02638,Small,Basic,1,29,7,4,1,3,2.8,0,True
CUST_02639,Small,Basic,1,29,4,4,1,1,3.4,1,False
CUST_02640,Small,Basic,28,29,1,13,2,2,3.3,0,False
CUST_02641,Medium,Pro,18,99,16,9,1,0,4.1,0,True
CUST_02642,Medium,Basic,7,29,3,14,5,3,4.0,0,False
CUST_02643,Medium,Basic,8,29,6,7,2,0,4.0,1,False
CUST_02644,Small,Basic,10,29,3,6,2,2,4.6,0,False
CUST_02645,Large,Basic,2,29,1,4,7,0,3.7,0,True
CUST_02646,Small,Basic,12,29,2,3,2,3,4.8,0,False
CUST_02647,Large,Basic,13,29,2,4,4,1,5.0,1,False
CUST_02648,Small,Pro,5,99,9,5,3,1,4.4,0,False
CUST_02649,Medium,Basic,2,29,5,6,3,4,4.1,0,False
CUST_02650,Small,Basic,4,29,9,6,1,1,4.1,0,True
CUST_02651,Large,Pro,3,99,2,3,3,2,3.6,0,False
CUST_02652,Large,Pro,8,99,9,6,1,2,3.3,0,True
CUST_02653,Medium,Basic,6,29,2,9,2,3,2.9,0,True
CUST_02654,Small,Basic,11,29,0,10,1,0,4.4,1,True
CUST_02655,Small,Pro,9,99,1,11,10,0,5.0,0,False
CUST_02656,Small,Basic,46,29,1,11,3,3,5.0,1,False
CUST_02657,Small,Basic,1,29,7,7,6,1,3.5,1,True
CUST_02658,Medium,Pro,4,99,5,5,6,1,3.5,0,False
CUST_02659,Medium,Basic,23,29,2,1,9,0,4.4,1,True
CUST_02660,Large,Basic,7,29,2,6,3,1,3.9,0,False
CUST_02661,Large,Basic,1,29,12,3,1,1,4.2,0,True
CUST_02662,Large,Basic,2,29,0,2,4,0,5.0,0,True
CUST_02663,Medium,Basic,1,29,1,9,4,1,5.0,0,True
CUST_02664,Medium,Pro,12,99,10,11,4,3,3.6,0,False
CUST_02665,Small,Basic,13,29,1,12,3,2,4.3,0,False
CUST_02666,Medium,Pro,10,99,5,3,3,4,4.1,0,True
CUST_02667,Small,Pro,5,99,3,5,1,1,4.3,0,True
CUST_02668,Medium,Pro,26,99,6,2,1,1,3.2,0,False
CUST_02669,Small,Pro,1,99,3,3,1,0,2.7,0,True
CUST_02670,Medium,Basic,7,29,7,9,1,1,4.6,0,False
CUST_02671,Medium,Basic,4,29,1,18,10,0,2.7,0,False
CUST_02672,Large,Pro,26,99,4,12,4,1,4.3,1,False
CUST_02673,Small,Pro,17,99,1,10,2,2,3.3,0,False
CUST_02674,Small,Enterprise,16,299,1,2,3,0,4.3,1,False
CUST_02675,Medium,Basic,3,29,10,14,5,1,3.8,0,True
CUST_02676,Medium,Pro,7,99,5,11,2,0,2.8,0,True
CUST_02677,Medium,Pro,1,99,0,6,1,1,2.0,0,True
CUST_02678,Medium,Basic,5,29,1,8,5,0,4.0,0,False
CUST_02679,Small,Pro,3,99,1,5,4,2,5.0,0,False
CUST_02680,Medium,Pro,1,99,14,22,5,1,3.5,0,False
CUST_02681,Small,Pro,14,99,5,2,2,1,4.6,1,True
CUST_02682,Medium,Pro,10,99,3,16,6,1,3.7,0,False
CUST_02683,Small,Basic,1,29,3,8,1,0,3.6,1,True
CUST_02684,Small,Enterprise,8,299,0,2,2,3,3.5,0,True
CUST_02685,Large,Basic,13,29,1,4,9,1,3.9,0,False
CUST_02686,Small,Basic,1,29,9,3,1,0,5.0,1,True
CUST_02687,Small,Basic,3,29,2,6,5,1,3.8,0,False
CUST_02688,Small,Basic,2,29,2,21,5,3,5.0,0,False
CUST_02689,Small,Basic,2,29,18,4,1,1,5.0,0,True
CUST_02690,Small,Basic,4,29,0,5,10,0,4.4,0,False
CUST_02691,Small,Basic,12,29,0,2,1,0,3.7,0,True
CUST_02692,Large,Pro,8,99,0,11,1,2,4.4,0,False
CUST_02693,Small,Pro,1,99,6,7,4,1,2.0,1,True
CUST_02694,Medium,Basic,1,29,0,22,8,0,3.9,0,True
CUST_02695,Small,Basic,3,29,0,11,1,2,4.2,0,True
CUST_02696,Small,Enterprise,6,299,2,5,2,0,3.0,1,True
CUST_02697,Small,Basic,5,29,5,1,6,1,5.0,0,False
CUST_02698,Large,Basic,1,29,7,6,3,1,4.9,0,True
CUST_02699,Medium,Basic,6,29,10,5,1,1,2.6,0,True
CUST_02700,Small,Basic,7,29,0,10,8,0,3.9,1,True
CUST_02701,Medium,Basic,22,29,3,15,1,3,1.6,0,True
CUST_02702,Small,Basic,20,29,0,4,1,0,3.6,0,False
CUST_02703,Medium,Basic,8,29,4,6,10,1,5.0,0,False
CUST_02704,Medium,Pro,4,99,2,5,3,1,3.6,0,False
CUST_02705,Small,Basic,3,29,0,11,5,1,3.5,0,False
CUST_02706,Large,Pro,14,99,0,7,1,4,5.0,0,True
CUST_02707,Medium,Basic,1,29,0,4,2,1,2.4,0,True
CUST_02708,Small,Pro,2,99,5,2,3,0,2.4,0,True
CUST_02709,Small,Pro,4,99,10,8,3,3,4.6,0,False
CUST_02710,Small,Basic,30,29,7,12,7,0,3.4,0,False
CUST_02711,Small,Basic,2,29,2,12,7,0,3.4,0,False
CUST_02712,Small,Basic,11,29,2,3,2,2,4.2,0,True
CUST_02713,Small,Pro,3,99,6,11,4,4,3.5,0,False
CUST_02714,Small,Basic,7,29,0,7,6,2,4.4,0,False
CUST_02715,Small,Basic,3,29,0,17,4,1,3.0,1,False
CUST_02716,Small,Pro,1,99,6,17,1,2,3.8,0,True
CUST_02717,Medium,Pro,27,99,1,3,5,2,3.9,0,False
CUST_02718,Medium,Pro,8,99,2,12,2,2,3.6,1,False
CUST_02719,Small,Basic,6,29,1,9,3,0,5.0,0,False
CUST_02720,Medium,Pro,12,99,17,7,6,1,4.2,1,False
CUST_02721,Large,Basic,18,29,10,8,1,2,5.0,2,False
CUST_02722,Small,Basic,11,29,7,10,6,2,2.4,1,True
CUST_02723,Medium,Basic,15,29,3,9,1,1,3.5,0,False
CUST_02724,Large,Basic,2,29,0,14,1,1,4.5,0,True
CUST_02725,Medium,Basic,3,29,12,13,4,2,4.7,0,True
CUST_02726,Large,Basic,2,29,1,8,3,0,4.2,0,False
CUST_02727,Medium,Basic,23,29,1,4,2,0,2.8,0,False
CUST_02728,Small,Pro,1,99,0,2,2,1,4.1,0,True
CUST_02729,Medium,Basic,5,29,1,6,2,0,4.0,0,True
CUST_02730,Small,Basic,8,29,11,15,2,0,4.6,0,True
CUST_02731,Medium,Basic,1,29,3,10,1,2,4.4,0,True
CUST_02732,Small,Basic,22,29,15,5,7,1,5.0,0,False
CUST_02733,Medium,Basic,9,29,1,12,3,0,4.1,0,False
CUST_02734,Small,Pro,4,99,8,20,1,1,4.8,1,True
CUST_02735,Medium,Basic,26,29,4,2,1,2,4.1,0,True
CUST_02736,Medium,Basic,2,29,7,12,4,3,4.9,1,False
CUST_02737,Small,Pro,12,99,6,3,3,2,3.6,1,True
CUST_02738,Medium,Basic,3,29,11,4,3,1,4.2,0,True
CUST_02739,Medium,Basic,5,29,12,14,6,0,3.5,0,False
CUST_02740,Large,Basic,6,29,0,4,4,0,4.8,1,True
CUST_02741,Small,Basic,1,29,3,14,1,1,3.8,0,False
CUST_02742,Medium,Basic,6,29,4,3,8,0,4.4,0,False
CUST_02743,Small,Basic,12,29,1,4,1,0,3.4,0,True
CUST_02744,Small,Basic,11,29,7,9,3,0,4.8,0,False
CUST_02745,Small,Basic,1,29,0,3,5,0,4.2,0,False
CUST_02746,Small,Pro,1,99,3,8,9,1,4.4,0,False
CUST_02747,Small,Basic,10,29,1,10,10,3,4.6,0,False
CUST_02748,Large,Basic,25,29,7,7,10,0,3.7,0,False
CUST_02749,Small,Pro,12,99,0,16,5,0,5.0,0,False
CUST_02750,Small,Pro,5,99,13,4,1,2,5.0,1,True
CUST_02751,Large,Basic,8,29,5,1,7,0,3.9,0,False
CUST_02752,Medium,Enterprise,19,299,1,4,2,1,3.0,0,False
CUST_02753,Medium,Pro,1,99,1,8,3,0,3.6,0,False
CUST_02754,Medium,Basic,14,29,1,12,2,0,3.9,0,False
CUST_02755,Large,Basic,4,29,4,10,2,1,5.0,0,True
CUST_02756,Small,Pro,9,99,2,12,4,1,4.2,0,False
CUST_02757,Small,Pro,5,99,3,2,2,1,4.9,1,True
CUST_02758,Small,Basic,8,29,3,7,1,4,4.8,1,True
CUST_02759,Small,Pro,1,99,3,25,9,0,4.4,1,False
CUST_02760,Medium,Basic,13,29,0,13,5,0,5.0,0,False
CUST_02761,Small,Basic,5,29,4,7,7,1,5.0,0,False
CUST_02762,Small,Basic,1,29,4,1,1,2,3.2,0,True
CUST_02763,Small,Basic,1,29,1,4,3,1,4.4,1,True
CUST_02764,Small,Basic,1,29,12,10,3,1,3.6,0,True
CUST_02765,Medium,Basic,1,29,6,4,3,1,5.0,1,True
CUST_02766,Medium,Basic,1,29,2,8,1,0,2.5,0,True
CUST_02767,Small,Basic,1,29,2,3,1,2,3.6,2,True
CUST_02768,Large,Pro,5,99,1,7,6,0,4.7,1,True
CUST_02769,Small,Basic,2,29,1,9,5,2,2.1,0,True
CUST_02770,Large,Pro,1,99,0,8,1,2,3.0,0,False
CUST_02771,Large,Enterprise,5,299,8,9,3,1,4.7,0,False
CUST_02772,Large,Basic,19,29,7,4,2,1,4.3,0,True
CUST_02773,Small,Pro,20,99,3,15,1,0,5.0,1,False
CUST_02774,Small,Pro,23,99,13,3,9,1,5.0,0,True
CUST_02775,Small,Enterprise,4,299,2,5,3,2,4.5,0,False
CUST_02776,Small,Pro,26,99,3,9,10,3,4.1,0,False
CUST_02777,Medium,Basic,7,29,1,10,4,0,3.2,0,False
CUST_02778,Medium,Basic,4,29,3,7,1,1,3.5,0,False
CUST_02779,Medium,Enterprise,14,299,0,7,7,1,3.3,0,False
CUST_02780,Medium,Basic,5,29,7,11,2,3,2.8,0,True
CUST_02781,Small,Basic,12,29,0,3,1,1,4.3,0,False
CUST_02782,Small,Pro,5,99,4,5,5,0,3.3,0,False
CUST_02783,Medium,Pro,5,99,3,8,5,1,1.9,0,True
CUST_02784,Medium,Basic,4,29,8,14,3,0,3.3,0,False
CUST_02785,Small,Basic,14,29,1,8,10,0,3.5,0,False
CUST_02786,Small,Basic,14,29,4,10,2,2,4.2,0,True
CUST_02787,Small,Basic,29,29,16,1,2,1,2.5,0,True
CUST_02788,Medium,Pro,3,99,5,4,1,0,2.6,0,True
CUST_02789,Medium,Basic,10,29,1,9,1,0,4.3,0,False
CUST_02790,Small,Basic,9,29,2,12,1,1,3.3,0,False
CUST_02791,Small,Basic,10,29,4,11,4,0,3.3,0,True
CUST_02792,Small,Basic,35,29,10,8,7,1,3.1,0,False
CUST_02793,Small,Basic,10,29,1,8,3,1,4.5,1,False
CUST_02794,Small,Pro,2,99,0,24,1,0,1.9,0,True
CUST_02795,Large,Pro,1,99,0,2,1,1,2.3,0,True
CUST_02796,Medium,Basic,7,29,9,4,2,2,4.2,0,True
CUST_02797,Large,Pro,7,99,1,16,1,1,3.6,0,False
CUST_02798,Large,Basic,5,29,9,4,1,1,5.0,0,False
CUST_02799,Small,Basic,3,29,4,8,3,1,5.0,0,False
CUST_02800,Small,Basic,3,29,8,3,1,1,3.9,0,True
CUST_02801,Small,Enterprise,7,299,1,11,1,2,4.0,0,False
CUST_02802,Small,Basic,7,29,0,12,1,1,4.8,0,True
CUST_02803,Small,Basic,1,29,9,8,1,1,4.1,0,True
CUST_02804,Small,Basic,1,29,16,6,10,2,4.8,0,False
CUST_02805,Large,Basic,6,29,5,24,4,0,3.9,1,True
CUST_02806,Small,Pro,4,99,20,2,1,1,4.6,0,True
CUST_02807,Small,Basic,8,29,15,7,8,0,3.9,1,True
CUST_02808,Large,Basic,4,29,10,9,1,0,3.3,1,True
CUST_02809,Medium,Basic,5,29,9,15,5,0,4.4,0,False
CUST_02810,Small,Basic,17,29,13,4,4,2,4.9,1,True
CUST_02811,Small,Pro,5,99,20,6,1,2,3.6,0,True
CUST_02812,Medium,Basic,1,29,5,12,1,2,4.8,0,False
CUST_02813,Medium,Pro,2,99,4,3,1,0,4.8,1,True
CUST_02814,Small,Basic,23,29,0,15,1,0,3.4,2,False
CUST_02815,Medium,Pro,14,99,1,5,6,1,4.2,0,False
CUST_02816,Medium,Basic,22,29,15,35,3,0,4.9,0,False
CUST_02817,Medium,Basic,8,29,1,13,3,0,3.9,0,False
CUST_02818,Small,Enterprise,2,299,2,4,6,0,3.1,0,False
CUST_02819,Small,Basic,7,29,2,3,3,1,4.5,0,True
CUST_02820,Medium,Basic,24,29,1,11,3,2,4.4,0,False
CUST_02821,Small,Basic,8,29,2,6,3,0,4.0,0,False
CUST_02822,Medium,Basic,2,29,0,0,7,2,2.9,0,True
CUST_02823,Medium,Pro,1,99,12,9,2,0,4.9,0,True
CUST_02824,Large,Basic,7,29,11,16,8,1,4.1,0,True
CUST_02825,Large,Pro,1,99,0,15,5,0,5.0,0,False
CUST_02826,Medium,Basic,1,29,2,1,2,1,2.9,0,False
CUST_02827,Medium,Basic,1,29,0,9,3,0,3.3,1,True
CUST_02828,Medium,Basic,8,29,0,15,1,0,5.0,0,True
CUST_02829,Small,Basic,7,29,1,7,1,1,4.0,0,True
CUST_02830,Small,Basic,6,29,6,10,6,1,3.4,0,True
CUST_02831,Small,Basic,25,29,16,6,6,2,3.7,0,False
CUST_02832,Small,Basic,5,29,0,6,4,0,3.9,0,False
CUST_02833,Medium,Basic,24,29,0,14,3,1,5.0,0,False
CUST_02834,Small,Basic,9,29,1,6,9,0,3.5,0,False
CUST_02835,Medium,Basic,2,29,7,13,2,1,5.0,0,True
CUST_02836,Large,Basic,28,29,0,13,4,1,5.0,0,False
CUST_02837,Small,Basic,1,29,10,4,6,2,4.8,0,False
CUST_02838,Large,Pro,1,99,2,18,3,1,3.3,0,True
CUST_02839,Small,Basic,19,29,4,11,4,1,5.0,0,False
CUST_02840,Medium,Basic,4,29,2,7,7,0,5.0,0,False
CUST_02841,Small,Basic,11,29,21,7,7,0,4.8,0,False
CUST_02842,Large,Basic,5,29,6,8,1,1,3.6,0,False
CUST_02843,Large,Basic,3,29,5,13,2,1,3.5,0,True
CUST_02844,Medium,Basic,1,29,7,6,2,0,5.0,0,False
CUST_02845,Medium,Pro,2,99,2,21,2,0,3.7,0,True
CUST_02846,Small,Basic,5,29,1,8,6,0,2.3,0,True
CUST_02847,Medium,Basic,43,29,7,1,3,0,2.8,1,True
CUST_02848,Medium,Basic,7,29,4,15,2,1,4.9,0,True
CUST_02849,Large,Basic,8,29,8,15,1,0,4.3,0,True
CUST_02850,Medium,Basic,4,29,1,14,1,3,4.4,1,False
CUST_02851,Medium,Enterprise,9,299,9,7,1,2,2.1,0,True
CUST_02852,Small,Pro,2,99,3,11,1,1,4.0,0,False
CUST_02853,Medium,Pro,11,99,4,15,4,0,3.8,0,False
CUST_02854,Medium,Basic,12,29,12,7,1,0,3.9,2,True
CUST_02855,Large,Pro,28,99,11,3,4,1,5.0,0,True
CUST_02856,Large,Pro,26,99,4,11,1,1,4.1,0,False
CUST_02857,Small,Basic,14,29,33,1,1,0,3.2,1,True
CUST_02858,Medium,Pro,1,99,2,4,1,0,2.7,1,False
CUST_02859,Small,Pro,4,99,0,6,2,1,4.4,0,False
CUST_02860,Large,Basic,5,29,0,8,2,3,1.7,0,True
CUST_02861,Small,Pro,1,99,6,14,2,1,5.0,0,True
CUST_02862,Small,Basic,1,29,16,8,3,3,3.8,0,True
CUST_02863,Medium,Pro,7,99,1,14,6,0,4.6,0,False
CUST_02864,Medium,Pro,11,99,8,9,1,1,3.2,0,False
CUST_02865,Medium,Pro,3,99,11,8,2,0,3.1,0,True
CUST_02866,Large,Basic,7,29,14,6,9,0,3.7,0,True
CUST_02867,Small,Basic,9,29,4,5,5,3,3.7,1,True
CUST_02868,Small,Basic,7,29,2,7,6,4,3.8,0,True
CUST_02869,Large,Enterprise,12,299,3,11,1,0,3.5,1,False
CUST_02870,Medium,Basic,2,29,27,4,5,0,4.7,0,True
CUST_02871,Large,Pro,17,99,1,4,2,3,3.4,0,True
CUST_02872,Medium,Basic,2,29,1,12,1,1,4.0,0,False
CUST_02873,Small,Pro,5,99,1,16,1,0,3.5,0,False
CUST_02874,Large,Basic,8,29,1,13,4,3,5.0,0,False
CUST_02875,Large,Basic,12,29,12,2,2,1,5.0,0,True
CUST_02876,Small,Basic,1,29,3,4,4,0,5.0,0,True
CUST_02877,Large,Pro,4,99,4,5,2,1,4.9,1,True
CUST_02878,Large,Basic,1,29,5,16,2,0,3.2,0,False
CUST_02879,Large,Pro,4,99,4,12,4,3,3.4,0,False
CUST_02880,Small,Enterprise,18,299,7,7,1,0,4.1,1,False
CUST_02881,Medium,Basic,23,29,2,5,8,0,3.8,0,False
CUST_02882,Small,Pro,4,99,2,1,1,2,4.9,0,True
CUST_02883,Small,Enterprise,8,299,2,2,2,0,2.7,0,True
CUST_02884,Small,Basic,1,29,1,8,1,2,4.0,0,True
CUST_02885,Medium,Basic,1,29,4,3,4,0,3.3,1,True
CUST_02886,Small,Basic,7,29,2,8,1,1,4.4,0,False
CUST_02887,Medium,Basic,7,29,2,8,3,2,3.6,0,False
CUST_02888,Medium,Pro,1,99,1,3,2,0,1.8,0,True
CUST_02889,Medium,Basic,1,29,0,9,3,1,3.4,0,False
CUST_02890,Small,Basic,1,29,1,5,3,0,4.2,0,True
CUST_02891,Small,Basic,3,29,8,8,5,0,2.9,0,False
CUST_02892,Medium,Pro,1,99,13,15,1,1,5.0,0,False
CUST_02893,Medium,Basic,6,29,0,6,1,0,2.5,0,True
CUST_02894,Medium,Basic,4,29,14,9,5,1,3.5,0,False
CUST_02895,Small,Pro,45,99,0,5,6,0,4.3,0,False
CUST_02896,Small,Basic,18,29,4,26,6,0,3.3,0,False
CUST_02897,Small,Basic,2,29,1,1,3,3,4.0,0,True
CUST_02898,Small,Basic,7,29,0,16,1,0,5.0,0,True
CUST_02899,Small,Basic,2,29,1,5,2,1,5.0,1,True
CUST_02900,Large,Basic,7,29,11,5,1,2,5.0,0,True
CUST_02901,Small,Enterprise,1,299,4,6,6,0,5.0,0,False
CUST_02902,Medium,Basic,4,29,0,4,10,1,4.5,1,True
CUST_02903,Medium,Basic,3,29,2,6,1,2,3.9,0,False
CUST_02904,Small,Basic,1,29,3,14,2,0,5.0,0,True
CUST_02905,Small,Pro,1,99,2,3,10,0,4.5,0,True
CUST_02906,Medium,Basic,7,29,0,5,1,2,3.1,0,True
CUST_02907,Small,Basic,2,29,1,10,5,1,2.5,0,True
CUST_02908,Large,Basic,15,29,1,4,3,0,5.0,1,True
CUST_02909,Medium,Pro,1,99,21,3,7,0,5.0,0,True
CUST_02910,Small,Enterprise,2,299,1,7,1,0,3.8,0,True
CUST_02911,Small,Basic,3,29,2,10,6,0,4.4,1,False
CUST_02912,Medium,Basic,8,29,3,4,8,0,3.5,1,True
CUST_02913,Small,Pro,5,99,5,10,2,0,3.0,0,False
CUST_02914,Large,Basic,4,29,4,12,1,0,4.9,0,False
CUST_02915,Small,Basic,2,29,5,12,3,0,5.0,1,False
CUST_02916,Small,Basic,15,29,0,8,1,1,2.5,0,True
CUST_02917,Medium,Pro,18,99,17,8,3,1,3.8,0,False
CUST_02918,Large,Basic,9,29,7,8,5,1,5.0,0,False
CUST_02919,Small,Basic,1,29,4,8,3,0,3.9,1,False
CUST_02920,Small,Basic,21,29,4,12,1,3,5.0,0,False
CUST_02921,Large,Enterprise,14,299,0,11,1,1,4.5,2,False
CUST_02922,Large,Basic,2,29,2,15,1,1,5.0,0,True
CUST_02923,Small,Basic,1,29,11,10,3,0,3.3,0,False
CUST_02924,Small,Basic,4,29,3,4,6,3,5.0,1,True
CUST_02925,Small,Basic,24,29,1,8,2,0,2.4,0,True
CUST_02926,Medium,Basic,15,29,2,23,1,1,3.4,1,True
CUST_02927,Medium,Basic,17,29,0,9,1,0,5.0,0,True
CUST_02928,Medium,Basic,2,29,3,9,5,1,4.0,0,False
CUST_02929,Small,Basic,1,29,6,12,5,0,3.8,0,True
CUST_02930,Medium,Basic,2,29,0,7,3,1,5.0,0,True
CUST_02931,Medium,Pro,1,99,3,11,10,0,3.3,0,False
CUST_02932,Large,Basic,4,29,2,12,1,0,3.7,0,False
CUST_02933,Medium,Basic,30,29,1,10,2,0,2.9,0,True
CUST_02934,Large,Pro,1,99,1,4,9,2,3.4,0,True
CUST_02935,Small,Pro,1,99,2,3,6,3,4.3,0,True
CUST_02936,Large,Basic,1,29,14,18,1,3,5.0,0,True
CUST_02937,Small,Basic,1,29,7,10,2,0,3.7,0,False
CUST_02938,Medium,Pro,6,99,10,3,10,3,5.0,0,False
CUST_02939,Small,Basic,1,29,4,7,3,0,4.3,1,False
CUST_02940,Medium,Basic,1,29,2,17,1,2,3.3,1,False
CUST_02941,Large,Basic,1,29,4,9,5,0,3.9,1,False
CUST_02942,Small,Enterprise,9,299,2,4,1,4,4.6,0,False
CUST_02943,Small,Basic,2,29,5,5,3,0,4.1,0,False
CUST_02944,Small,Basic,1,29,1,6,8,1,3.8,0,False
CUST_02945,Large,Basic,3,29,7,3,3,1,3.3,0,False
CUST_02946,Small,Basic,1,29,9,4,5,2,4.9,0,True
CUST_02947,Medium,Pro,2,99,4,7,3,0,3.4,1,False
CUST_02948,Large,Basic,1,29,4,37,7,0,3.2,0,True
CUST_02949,Small,Pro,1,99,1,12,4,2,3.6,0,False
CUST_02950,Small,Enterprise,27,299,11,3,1,1,4.3,0,False
CUST_02951,Small,Pro,5,99,4,15,10,1,2.4,1,True
CUST_02952,Small,Basic,11,29,0,8,6,0,4.1,0,False
CUST_02953,Large,Basic,2,29,2,3,4,0,3.0,0,True
CUST_02954,Small,Pro,2,99,1,10,10,1,4.1,0,False
CUST_02955,Medium,Enterprise,10,299,1,19,3,0,4.2,0,False
CUST_02956,Small,Pro,2,99,1,9,1,0,4.6,0,True
CUST_02957,Large,Basic,1,29,11,11,7,0,2.6,0,True
CUST_02958,Medium,Pro,5,99,5,14,1,3,5.0,0,False
CUST_02959,Small,Basic,8,29,0,14,1,2,3.1,0,False
CUST_02960,Medium,Basic,1,29,0,6,1,1,4.4,0,True
CUST_02961,Large,Basic,12,29,8,9,10,0,5.0,0,True
CUST_02962,Small,Basic,9,29,10,18,1,0,3.0,0,True
CUST_02963,Medium,Basic,8,29,3,10,2,0,4.6,0,True
CUST_02964,Small,Pro,16,99,4,13,1,1,4.4,0,False
CUST_02965,Small,Pro,9,99,2,11,5,1,3.1,1,False
CUST_02966,Small,Basic,10,29,4,9,1,0,3.0,0,True
CUST_02967,Medium,Pro,3,99,0,3,4,3,3.4,0,True
CUST_02968,Large,Pro,1,99,0,10,5,1,5.0,1,True
CUST_02969,Small,Basic,1,29,9,5,1,1,4.1,0,True
CUST_02970,Medium,Basic,29,29,0,4,3,1,2.0,0,False
CUST_02971,Large,Pro,13,99,0,4,1,0,3.7,0,True
CUST_02972,Small,Basic,9,29,2,2,2,2,5.0,1,True
CUST_02973,Small,Basic,6,29,2,7,5,0,5.0,1,True
CUST_02974,Small,Basic,23,29,13,5,6,0,4.4,0,False
CUST_02975,Small,Basic,2,29,5,6,5,2,3.2,2,True
CUST_02976,Medium,Basic,2,29,0,7,4,2,4.5,2,False
CUST_02977,Medium,Pro,15,99,3,11,1,1,4.2,0,False
CUST_02978,Medium,Pro,18,99,0,10,1,0,2.5,0,False
CUST_02979,Small,Pro,3,99,5,7,2,1,3.2,0,False
CUST_02980,Small,Basic,16,29,8,7,10,1,4.7,0,False
CUST_02981,Medium,Pro,2,99,6,4,3,0,2.1,0,False
CUST_02982,Small,Basic,4,29,1,4,6,0,3.6,0,True
CUST_02983,Large,Pro,1,99,10,6,1,1,4.4,0,True
CUST_02984,Small,Pro,13,99,0,13,1,2,5.0,0,False
CUST_02985,Medium,Pro,7,99,1,10,5,1,5.0,0,False
CUST_02986,Medium,Pro,17,99,7,22,8,0,4.5,0,False
CUST_02987,Small,Basic,4,29,8,4,4,0,5.0,0,True
CUST_02988,Large,Basic,7,29,5,3,7,1,4.6,1,True
CUST_02989,Large,Basic,24,29,5,8,2,0,1.9,0,False
CUST_02990,Small,Basic,5,29,0,6,1,2,3.0,0,False
CUST_02991,Large,Basic,4,29,6,6,3,1,2.8,0,False
CUST_02992,Small,Enterprise,10,299,25,6,6,0,3.4,0,True
CUST_02993,Medium,Enterprise,6,299,2,2,5,1,2.9,0,True
CUST_02994,Small,Pro,9,99,0,12,1,0,3.4,1,False
CUST_02995,Small,Pro,15,99,2,4,4,1,4.5,0,False
CUST_02996,Medium,Pro,15,99,2,6,3,1,3.3,0,False
CUST_02997,Small,Pro,2,99,5,3,4,0,5.0,0,False
CUST_02998,Small,Pro,8,99,1,5,2,1,4.0,1,True
CUST_02999,Large,Basic,4,29,0,8,3,0,3.8,0,False
CUST_03000,Medium,Pro,4,99,1,13,9,1,2.6,0,True
